NF;Produto;Categoria;Valor;Quantidade;Forma de pagamento;Data da venda;Comissão;Data de Vencimento;Vendedor
3001;Vestido;Seção Masculina;21.34;3;À prazo - Cartão;01/01/2021;0.1;1/22/2021;3
3002;Sapato;Seção Feminina;44.25;39;À prazo - Cartão;01/01/2021;0.15;1/26/2021;2
3003;Sapato;Seção Feminina;26.370;2;À vista - Cartão;01/01/2021;0.1;1/25/2021;3
3004;Tênis;Seção Feminina;21.6;47;À prazo - Cartão;01/01/2021;0.1;1/20/2021;3
3005;Short;Seção Feminina;26.190;37;À prazo - Cartão;01/02/2021;0.15;01/11/2021;2
3006;Short;Seção Feminina;12.13;13;À prazo - Cartão;01/03/2021;0.05;01/12/2021;2
3007;Sapato;Seção Feminina;35.18;49;À vista - Dinheiro;01/03/2021;0.1;01/03/2021;3
3008;Vestido;Seção Feminina;21.03;5;À Vista - Cartão;01/03/2021;0.1;1/25/2021;3
3009;Sapato;Seção Feminina;26.370;3;À Vista - Cartão;01/05/2021;0.1;01/12/2021;3
3010;Tênis;Seção Feminina;21.78;18;À Vista - Cartão;01/06/2021;0.1;1/28/2021;3
3011;Short;Seção Masculina;35.20;22;À vista - Dinheiro;01/07/2021;0.1;01/07/2021;2
3012;Calça;Seção Masculina;44.25;9;À vista - Dinheiro;01/07/2021;0.1;01/07/2021;3
3013;Tênis;Seção Feminina;26.55;33;À Vista - Cartão;01/08/2021;0.15;1/15/2021;2
3014;Vestido;Seção Feminina;21.64;27;À prazo - Cartão;01/08/2021;0.1;1/23/2021;3
3015;Tênis;Seção Masculina;21.92;3;À prazo - Cartão;01/08/2021;0.1;1/13/2021;2
3016;Tênis;Seção Feminina;26.370;32;À vista - Cartão;01/09/2021;0.1;1/21/2021;3
3017;Tênis;Seção Feminina;26.415;17;À prazo - Cartão;01/10/2021;0.15;1/30/2021;3
3018;Vestido;Seção Feminina;21.22;12;À vista - Dinheiro;01/12/2021;0.1;01/12/2021;2
3019;Short;Seção Masculina;26.280;20;À prazo - Cartão;01/12/2021;0.15;1/18/2021;2
3020;Vestido;Seção Feminina;44.21;27;À Vista - Cartão;01/12/2021;0.1;1/14/2021;3
3021;Vestido;Seção Feminina;21.01;30;À Vista - Cartão;1/13/2021;0.15;1/19/2021;3
3022;Short;Seção Feminina;21.04;12;À prazo - Cartão;1/13/2021;0.1;1/14/2021;2
3023;Sapato;Seção Feminina;26.325;8;À prazo - Cartão;1/13/2021;0.1;1/24/2021;2
3024;Vestido;Seção Feminina;21.50;8;À vista - Dinheiro;1/14/2021;0.15;1/14/2021;3
3025;Short;Seção Feminina;44.21;20;À prazo - Cartão;1/14/2021;0.1;1/28/2021;2
3026;Sapato;Seção Feminina;21.34;37;À prazo - Cartão;1/16/2021;0.1;2/13/2021;2
3027;Calça;Seção Feminina;44.23;5;À vista - Dinheiro;1/17/2021;0.1;1/17/2021;2
3028;Short;Seção Masculina;21.64;40;À vista - Dinheiro;1/18/2021;0.05;1/18/2021;2
3029;Vestido;Seção Feminina;26.59;46;À vista - Dinheiro;1/19/2021;0.05;1/19/2021;3
3030;Short;Seção Feminina;35.21;45;À Vista - Cartão;1/19/2021;0.1;02/03/2021;3
3031;Tênis;Seção Feminina;38.94;13;À Vista - Cartão;1/20/2021;0.15;2/15/2021;2
3032;Short;Seção Masculina;38.93;25;À vista - Dinheiro;1/20/2021;0.15;1/20/2021;3
3033;Sapato;Seção Feminina;26.55;29;À prazo - Cartão;1/22/2021;0.1;1/25/2021;3
3034;Sapato;Seção Feminina;38.96;41;À vista - Dinheiro;1/23/2021;0.1;1/23/2021;2
3035;Vestido;Seção Feminina;21.78;42;À vista - Cartão;1/24/2021;0.1;2/16/2021;3
3036;Sapato;Seção Feminina;26.58;5;À prazo - Cartão;1/24/2021;0.1;1/31/2021;2
3037;Sapato;Seção Feminina;35.20;19;À Vista - Cartão;1/24/2021;0.05;2/21/2021;2
3038;Short;Seção Feminina;38.94;42;À vista - Dinheiro;1/25/2021;0.1;1/25/2021;2
3039;Short;Seção Feminina;21.92;5;À Vista - Cartão;1/26/2021;0.15;2/15/2021;2
3040;Tênis;Seção Feminina;21.64;37;À prazo - Cartão;1/27/2021;0.1;1/30/2021;3
3041;Short;Seção Masculina;26.145;1;À prazo - Cartão;1/28/2021;0.1;2/24/2021;3
3042;Vestido;Seção Masculina;26.58;19;À vista - Dinheiro;1/29/2021;0.15;1/29/2021;2
3043;Tênis;Seção Feminina;12.14;32;À vista - Cartão;1/30/2021;0.1;2/25/2021;3
3044;Tênis;Seção Feminina;26.415;35;À vista - Dinheiro;1/30/2021;0.15;1/30/2021;3
3045;Vestido;Seção Feminina;44.25;15;À Vista - Cartão;1/31/2021;0.1;2/22/2021;3
3046;Short;Seção Feminina;21.00;12;À prazo - Cartão;1/31/2021;0.1;2/24/2021;3
3047;Vestido;Seção Feminina;38.97;44;À vista - Cartão;02/01/2021;0.15;2/13/2021;2
3048;Casaco;Seção Feminina;12.14;25;À prazo - Cartão;02/02/2021;0.1;02/09/2021;2
3049;Short;Seção Feminina;21.20;40;À prazo - Cartão;02/02/2021;0.05;02/09/2021;2
3050;Tênis;Seção Feminina;21.01;41;À Vista - Cartão;02/02/2021;0.15;02/04/2021;2
3051;Vestido;Seção Masculina;26.235;13;À prazo - Cartão;02/02/2021;0.15;2/21/2021;3
3052;Short;Seção Feminina;26.10;22;À Vista - Cartão;02/03/2021;0.1;2/25/2021;3
3053;Short;Seção Feminina;26.370;44;À Vista - Cartão;02/04/2021;0.1;2/19/2021;3
3054;Sapato;Seção Feminina;44.25;11;À Vista - Cartão;02/05/2021;0.1;2/26/2021;2
3055;Vestido;Seção Feminina;21.34;6;À Vista - Cartão;02/07/2021;0.1;02/10/2021;2
3056;Sapato;Seção Feminina;21.8;15;À prazo - Cartão;02/07/2021;0.1;2/13/2021;3
3057;Tênis;Seção Masculina;26.280;11;À prazo - Cartão;02/07/2021;0.1;2/18/2021;2
3058;Tênis;Seção Feminina;38.95;40;À prazo - Cartão;02/08/2021;0.1;03/10/2021;2
3059;Vestido;Seção Feminina;21.64;5;À Vista - Cartão;02/08/2021;0.1;03/03/2021;2
3060;Vestido;Seção Feminina;38.95;45;À prazo - Cartão;02/08/2021;0.1;2/23/2021;2
3061;Sapato;Seção Masculina;21.78;8;À prazo - Cartão;02/08/2021;0.1;2/23/2021;2
3062;Short;Seção Feminina;26.415;12;À Vista - Cartão;02/08/2021;0.1;02/11/2021;3
3063;Sapato;Seção Feminina;38.95;7;À prazo - Cartão;02/08/2021;0.1;2/17/2021;2
3064;Tênis;Seção Feminina;35.22;37;À vista - Dinheiro;02/09/2021;0.1;02/09/2021;2
3065;Short;Seção Feminina;21.00;24;À Vista - Cartão;02/10/2021;0.1;2/19/2021;2
3066;Short;Seção Masculina;26.370;28;À vista - Dinheiro;02/10/2021;0.1;02/10/2021;3
3067;Short;Seção Feminina;35.19;27;À prazo - Cartão;02/10/2021;0.1;2/18/2021;2
3068;Vestido;Seção Feminina;26.325;45;À vista - Dinheiro;02/11/2021;0.15;02/11/2021;3
3069;Tênis;Seção Masculina;26.56;19;À prazo - Cartão;2/13/2021;0.15;03/04/2021;3
3070;Tênis;Seção Masculina;21.01;31;À Vista - Cartão;2/15/2021;0.15;2/25/2021;2
3071;Vestido;Seção Feminina;44.22;42;À prazo - Cartão;2/15/2021;0.1;2/17/2021;2
3072;Tênis;Seção Feminina;35.18;34;À vista - Cartão;2/16/2021;0.1;2/26/2021;3
3073;Short;Seção Masculina;26.370;38;À prazo - Cartão;2/17/2021;0.1;03/09/2021;3
3074;Vestido;Seção Feminina;26.55;9;À prazo - Cartão;2/17/2021;0.15;03/03/2021;2
3075;Vestido;Seção Feminina;12.16;34;À Vista - Cartão;2/19/2021;0.15;03/03/2021;2
3076;Vestido;Seção Masculina;21.50;14;À vista - Dinheiro;2/20/2021;0.1;2/20/2021;2
3077;Vestido;Seção Feminina;21.6;28;À Vista - Cartão;2/20/2021;0.05;03/11/2021;2
3078;Tênis;Seção Feminina;38.95;12;À vista - Cartão;2/20/2021;0.1;3/17/2021;3
3079;Sapato;Seção Feminina;38.94;27;À vista - Dinheiro;2/21/2021;0.1;2/21/2021;3
3080;Vestido;Seção Masculina;21.22;1;À prazo - Cartão;2/21/2021;0.1;3/14/2021;2
3081;Vestido;Seção Feminina;21.01;14;À Vista - Cartão;2/21/2021;0.1;3/16/2021;2
3082;Short;Seção Feminina;26.59;31;À vista - Dinheiro;2/23/2021;0.15;2/23/2021;3
3083;Tênis;Seção Masculina;12.16;13;À prazo - Cartão;2/23/2021;0.15;3/25/2021;3
3084;Vestido;Seção Feminina;21.00;39;À prazo - Cartão;2/24/2021;0.1;3/24/2021;2
3085;Tênis;Seção Feminina;21.36;24;À prazo - Cartão;2/24/2021;0.05;2/28/2021;2
3086;Short;Seção Feminina;26.10;38;À prazo - Cartão;2/25/2021;0.15;03/10/2021;3
3087;Sapato;Seção Masculina;44.23;12;À prazo - Cartão;2/27/2021;0.15;03/02/2021;2
3088;Vestido;Seção Masculina;21.8;17;À prazo - Cartão;2/27/2021;0.1;3/17/2021;2
3089;Sapato;Seção Feminina;21.01;46;À vista - Dinheiro;2/27/2021;0.1;2/27/2021;2
3090;Short;Seção Feminina;44.21;39;À vista - Dinheiro;2/28/2021;0.15;2/28/2021;3
3091;Sapato;Seção Feminina;26.57;20;À prazo - Cartão;2/28/2021;0.1;03/05/2021;2
3092;Sapato;Seção Feminina;38.95;33;À vista - Dinheiro;2/28/2021;0.15;2/28/2021;2
3093;Vestido;Seção Feminina;12.14;29;À prazo - Cartão;2/28/2021;0.15;3/19/2021;2
3094;Short;Seção Feminina;38.94;45;À prazo - Cartão;2/28/2021;0.1;3/21/2021;2
3095;Vestido;Seção Feminina;21.20;50;À vista - Cartão;2/28/2021;0.15;3/29/2021;2
3096;Sapato;Seção Masculina;26.325;19;À prazo - Cartão;03/01/2021;0.1;3/15/2021;3
3097;Tênis;Seção Feminina;35.20;3;À Vista - Cartão;03/01/2021;0.1;03/07/2021;2
3098;Short;Seção Masculina;44.23;14;À Vista - Cartão;03/01/2021;0.1;3/30/2021;2
3099;Tênis;Seção Feminina;21.00;28;À vista - Dinheiro;03/02/2021;0.15;03/02/2021;2
3100;Tênis;Seção Feminina;21.01;27;À Vista - Cartão;03/03/2021;0.1;3/30/2021;2
3101;Vestido;Seção Feminina;26.59;30;À prazo - Cartão;03/03/2021;0.1;03/08/2021;3
3102;Short;Seção Feminina;44.21;17;À prazo - Cartão;03/03/2021;0.1;3/24/2021;3
3103;Vestido;Seção Masculina;35.18;13;À Vista - Cartão;03/03/2021;0.1;3/28/2021;3
3104;Short;Seção Feminina;26.10;47;À prazo - Cartão;03/03/2021;0.15;3/13/2021;2
3105;Sapato;Seção Feminina;38.94;33;À prazo - Cartão;03/04/2021;0.15;03/05/2021;2
3106;Vestido;Seção Feminina;21.01;25;À vista - Dinheiro;03/05/2021;0.1;03/05/2021;3
3107;Vestido;Seção Masculina;12.14;36;À vista - Dinheiro;03/05/2021;0.1;03/05/2021;2
3108;Sapato;Seção Masculina;26.56;21;À prazo - Cartão;03/06/2021;0.1;3/25/2021;2
3109;Sapato;Seção Feminina;35.21;7;À Vista - Cartão;03/06/2021;0.15;04/01/2021;3
3110;Sapato;Seção Masculina;26.280;10;À prazo - Cartão;03/06/2021;0.1;3/31/2021;3
3111;Short;Seção Masculina;21.02;13;À Vista - Cartão;03/06/2021;0.15;3/25/2021;2
3112;Sapato;Seção Masculina;26.58;32;À vista - Dinheiro;03/06/2021;0.15;03/06/2021;3
3113;Vestido;Seção Masculina;21.92;30;À prazo - Cartão;03/07/2021;0.1;3/28/2021;3
3114;Vestido;Seção Feminina;35.18;38;À vista - Cartão;03/08/2021;0.15;03/11/2021;2
3115;Short;Seção Feminina;26.145;21;À vista - Cartão;03/08/2021;0.1;3/24/2021;2
3116;Tênis;Seção Feminina;21.04;23;À Vista - Cartão;03/09/2021;0.05;3/18/2021;3
3117;Vestido;Seção Masculina;21.92;10;À Vista - Cartão;03/09/2021;0.1;3/19/2021;3
3118;Short;Seção Masculina;26.325;35;À vista - Cartão;03/10/2021;0.1;04/05/2021;3
3119;Vestido;Seção Masculina;26.58;46;À Vista - Cartão;03/11/2021;0.1;3/24/2021;3
3120;Tênis;Seção Masculina;26.325;40;À prazo - Cartão;03/12/2021;0.15;3/28/2021;3
3121;Tênis;Seção Feminina;44.24;37;À vista - Dinheiro;3/13/2021;0.1;3/13/2021;3
3122;Sapato;Seção Masculina;44.22;42;À Vista - Cartão;3/13/2021;0.15;3/16/2021;3
3123;Vestido;Seção Masculina;38.97;5;À prazo - Cartão;3/16/2021;0.15;04/12/2021;3
3124;Tênis;Seção Feminina;26.235;42;À vista - Dinheiro;3/17/2021;0.15;3/17/2021;3
3125;Vestido;Seção Feminina;26.55;11;À prazo - Cartão;3/18/2021;0.1;3/21/2021;3
3126;Vestido;Seção Masculina;38.94;17;À prazo - Cartão;3/19/2021;0.15;3/29/2021;3
3127;Sapato;Seção Masculina;12.13;18;À prazo - Cartão;3/19/2021;0.15;3/29/2021;2
3128;Vestido;Seção Masculina;26.415;35;À Vista - Cartão;3/20/2021;0.1;4/14/2021;3
3129;Tênis;Seção Feminina;26.100;15;À Vista - Cartão;3/21/2021;0.15;3/24/2021;2
3130;Short;Seção Feminina;26.415;39;À Vista - Cartão;3/22/2021;0.1;4/21/2021;3
3131;Sapato;Seção Feminina;21.02;35;À Vista - Cartão;3/22/2021;0.1;4/20/2021;2
3132;Short;Seção Feminina;21.64;41;À prazo - Cartão;3/22/2021;0.15;4/18/2021;2
3133;Vestido;Seção Feminina;12.16;14;À prazo - Cartão;3/23/2021;0.1;04/07/2021;2
3134;Short;Seção Feminina;35.21;35;À Vista - Cartão;3/23/2021;0.1;3/26/2021;2
3135;Sapato;Seção Masculina;12.15;13;À vista - Cartão;3/24/2021;0.15;04/08/2021;2
3136;Vestido;Seção Feminina;38.94;48;À vista - Dinheiro;3/24/2021;0.1;3/24/2021;3
3137;Sapato;Seção Feminina;35.21;26;À prazo - Cartão;3/25/2021;0.15;04/05/2021;3
3138;Tênis;Seção Feminina;26.55;25;À prazo - Cartão;3/26/2021;0.15;04/04/2021;3
3139;Vestido;Seção Masculina;38.93;34;À prazo - Cartão;3/26/2021;0.1;4/15/2021;3
3140;Vestido;Seção Feminina;21.50;40;À vista - Dinheiro;3/27/2021;0.1;3/27/2021;2
3141;Sapato;Seção Feminina;35.21;31;À Vista - Cartão;3/27/2021;0.1;04/11/2021;2
3142;Short;Seção Feminina;21.02;13;À prazo - Cartão;3/28/2021;0.1;3/31/2021;3
3143;Short;Seção Feminina;35.22;40;À prazo - Cartão;3/29/2021;0.1;04/05/2021;3
3144;Vestido;Seção Feminina;26.56;46;À vista - Cartão;3/29/2021;0.15;4/28/2021;2
3145;Tênis;Seção Feminina;21.6;4;À Vista - Cartão;3/29/2021;0.15;4/16/2021;2
3146;Sapato;Seção Masculina;26.55;6;À prazo - Cartão;3/30/2021;0.1;4/19/2021;2
3147;Tênis;Seção Masculina;26.280;44;À prazo - Cartão;3/31/2021;0.1;4/22/2021;3
3148;Short;Seção Feminina;44.22;27;À prazo - Cartão;04/02/2021;0.15;4/28/2021;2
3149;Tênis;Seção Feminina;35.20;20;À prazo - Cartão;04/02/2021;0.15;4/20/2021;3
3150;Short;Seção Feminina;26.55;14;À vista - Cartão;04/02/2021;0.1;4/17/2021;2
3151;Short;Seção Masculina;26.100;10;À Vista - Cartão;04/02/2021;0.15;04/08/2021;3
3152;Vestido;Seção Masculina;26.235;2;À prazo - Cartão;04/04/2021;0.15;04/07/2021;3
3153;Short;Seção Feminina;26.10;38;À vista - Cartão;04/05/2021;0.1;4/17/2021;2
3154;Vestido;Seção Masculina;21.01;43;À prazo - Cartão;04/06/2021;0.1;4/24/2021;3
3155;Short;Seção Feminina;35.21;21;À vista - Cartão;04/06/2021;0.1;4/22/2021;2
3156;Tênis;Seção Masculina;21.6;12;À vista - Cartão;04/06/2021;0.1;05/03/2021;2
3157;Tênis;Seção Feminina;21.36;46;À prazo - Cartão;04/06/2021;0.15;4/15/2021;3
3158;Sapato;Seção Masculina;26.370;29;À prazo - Cartão;04/07/2021;0.1;4/28/2021;2
3159;Tênis;Seção Masculina;38.93;38;À vista - Dinheiro;04/07/2021;0.1;04/07/2021;3
3160;Tênis;Seção Feminina;12.16;12;À vista - Cartão;04/08/2021;0.15;4/16/2021;2
3161;Short;Seção Feminina;21.00;23;À Vista - Cartão;04/08/2021;0.1;05/05/2021;3
3162;Tênis;Seção Masculina;44.24;28;À Vista - Cartão;04/08/2021;0.1;4/29/2021;2
3163;Vestido;Seção Feminina;21.78;42;À prazo - Cartão;04/11/2021;0.1;4/24/2021;2
3164;Vestido;Seção Feminina;35.22;11;À prazo - Cartão;04/12/2021;0.1;4/16/2021;2
3165;Short;Seção Feminina;26.59;9;À prazo - Cartão;4/13/2021;0.1;4/14/2021;2
3166;Vestido;Seção Feminina;21.02;20;À Vista - Cartão;4/13/2021;0.05;4/14/2021;3
3167;Short;Seção Masculina;21.04;23;À Vista - Cartão;4/13/2021;0.05;4/28/2021;3
3168;Tênis;Seção Feminina;35.21;5;À Vista - Cartão;4/13/2021;0.1;4/26/2021;3
3169;Tênis;Seção Feminina;26.370;15;À vista - Dinheiro;4/15/2021;0.1;4/15/2021;3
3170;Tênis;Seção Feminina;12.13;30;À prazo - Cartão;4/16/2021;0.05;05/05/2021;2
3171;Vestido;Seção Masculina;12.13;45;À prazo - Cartão;4/16/2021;0.1;05/06/2021;2
3172;Sapato;Seção Feminina;26.56;27;À prazo - Cartão;4/16/2021;0.15;4/29/2021;3
3173;Short;Seção Feminina;21.03;3;À Vista - Cartão;4/17/2021;0.1;05/11/2021;2
3174;Sapato;Seção Feminina;26.58;39;À Vista - Cartão;4/17/2021;0.1;4/26/2021;3
3175;Tênis;Seção Masculina;35.22;26;À vista - Dinheiro;4/17/2021;0.05;4/17/2021;3
3176;Vestido;Seção Feminina;35.22;24;À Vista - Cartão;4/19/2021;0.1;4/26/2021;3
3177;Tênis;Seção Masculina;26.325;42;À prazo - Cartão;4/20/2021;0.1;4/23/2021;2
3178;Vestido;Seção Feminina;38.96;2;À vista - Dinheiro;4/22/2021;0.1;4/22/2021;2
3179;Vestido;Seção Feminina;21.8;50;À vista - Dinheiro;4/22/2021;0.1;4/22/2021;2
3180;Vestido;Seção Feminina;21.03;38;À prazo - Cartão;4/22/2021;0.1;5/14/2021;2
3181;Short;Seção Feminina;26.145;40;À prazo - Cartão;4/23/2021;0.1;05/08/2021;3
3182;Vestido;Seção Feminina;12.16;7;À Vista - Cartão;4/23/2021;0.1;05/11/2021;3
3183;Tênis;Seção Masculina;38.96;5;À prazo - Cartão;4/23/2021;0.15;4/27/2021;2
3184;Short;Seção Feminina;12.15;33;À prazo - Cartão;4/23/2021;0.05;05/06/2021;3
3185;Sapato;Seção Masculina;21.00;34;À vista - Cartão;4/25/2021;0.1;5/22/2021;2
3186;Vestido;Seção Masculina;44.25;23;À prazo - Cartão;4/25/2021;0.15;05/12/2021;3
3187;Sapato;Seção Feminina;26.325;22;À prazo - Cartão;4/25/2021;0.15;05/12/2021;2
3188;Short;Seção Feminina;26.325;40;À prazo - Cartão;4/25/2021;0.1;5/14/2021;2
3189;Sapato;Seção Feminina;12.16;32;À prazo - Cartão;4/26/2021;0.1;5/20/2021;3
3190;Sapato;Seção Masculina;26.145;41;À prazo - Cartão;4/27/2021;0.15;05/05/2021;2
3191;Vestido;Seção Feminina;26.280;22;À prazo - Cartão;4/27/2021;0.15;5/25/2021;2
3192;Vestido;Seção Feminina;21.50;42;À Vista - Cartão;4/27/2021;0.05;5/13/2021;3
3193;Sapato;Seção Feminina;21.01;33;À vista - Dinheiro;4/30/2021;0.1;4/30/2021;2
3194;Vestido;Seção Feminina;12.15;14;À Vista - Cartão;05/01/2021;0.1;5/20/2021;3
3195;Short;Seção Feminina;26.325;29;À vista - Dinheiro;05/02/2021;0.15;05/02/2021;2
3196;Tênis;Seção Feminina;35.20;49;À vista - Dinheiro;05/03/2021;0.1;05/03/2021;3
3197;Sapato;Seção Feminina;21.22;42;À prazo - Cartão;05/03/2021;0.15;05/09/2021;3
3198;Short;Seção Feminina;38.96;3;À vista - Cartão;05/04/2021;0.15;5/14/2021;3
3199;Vestido;Seção Feminina;26.325;7;À vista - Dinheiro;05/04/2021;0.15;05/04/2021;3
3200;Sapato;Seção Masculina;38.94;39;À prazo - Cartão;05/04/2021;0.15;06/02/2021;2
3201;Vestido;Seção Feminina;38.96;15;À prazo - Cartão;05/04/2021;0.15;05/07/2021;3
3202;Short;Seção Feminina;38.95;40;À vista - Cartão;05/05/2021;0.1;05/09/2021;2
3203;Tênis;Seção Feminina;44.25;16;À vista - Cartão;05/07/2021;0.15;06/02/2021;3
3204;Short;Seção Feminina;12.13;45;À vista - Cartão;05/07/2021;0.1;5/29/2021;3
3205;Short;Seção Feminina;12.13;15;À prazo - Cartão;05/08/2021;0.15;5/15/2021;3
3206;Short;Seção Feminina;21.02;41;À prazo - Cartão;05/08/2021;0.1;5/27/2021;3
3207;Tênis;Seção Feminina;21.03;40;À vista - Cartão;05/09/2021;0.1;05/10/2021;2
3208;Tênis;Seção Feminina;26.57;36;À prazo - Cartão;05/09/2021;0.1;5/14/2021;3
3209;Short;Seção Masculina;26.190;25;À Vista - Cartão;05/09/2021;0.1;5/14/2021;2
3210;Vestido;Seção Feminina;38.97;40;À prazo - Cartão;05/09/2021;0.1;5/21/2021;3
3211;Tênis;Seção Masculina;44.23;9;À prazo - Cartão;05/11/2021;0.15;5/20/2021;3
3212;Sapato;Seção Feminina;26.59;9;À Vista - Cartão;05/11/2021;0.15;5/23/2021;2
3213;Sapato;Seção Feminina;21.6;42;À Vista - Cartão;05/12/2021;0.15;5/22/2021;2
3214;Tênis;Seção Feminina;26.56;19;À vista - Dinheiro;05/12/2021;0.15;05/12/2021;2
3215;Vestido;Seção Masculina;12.13;40;À prazo - Cartão;5/13/2021;0.1;06/04/2021;3
3216;Sapato;Seção Masculina;12.15;13;À vista - Cartão;5/13/2021;0.1;5/14/2021;2
3217;Tênis;Seção Masculina;26.58;27;À prazo - Cartão;5/13/2021;0.1;5/28/2021;2
3218;Vestido;Seção Feminina;21.03;18;À Vista - Cartão;5/13/2021;0.15;06/01/2021;2
3219;Short;Seção Feminina;21.78;18;À vista - Dinheiro;5/14/2021;0.15;5/14/2021;3
3220;Tênis;Seção Masculina;21.78;39;À prazo - Cartão;5/15/2021;0.1;06/04/2021;2
3221;Vestido;Seção Feminina;26.145;50;À vista - Cartão;5/15/2021;0.1;5/24/2021;2
3222;Vestido;Seção Feminina;44.21;33;À vista - Dinheiro;5/16/2021;0.1;5/16/2021;3
3223;Tênis;Seção Feminina;21.78;8;À Vista - Cartão;5/18/2021;0.1;5/19/2021;2
3224;Tênis;Seção Feminina;26.145;18;À prazo - Cartão;5/19/2021;0.1;5/27/2021;2
3225;Sapato;Seção Feminina;21.8;31;À prazo - Cartão;5/19/2021;0.15;5/30/2021;3
3226;Tênis;Seção Feminina;44.22;3;À Vista - Cartão;5/20/2021;0.1;06/03/2021;2
3227;Sapato;Seção Masculina;26.100;31;À Vista - Cartão;5/21/2021;0.1;5/22/2021;2
3228;Sapato;Seção Masculina;26.100;7;À prazo - Cartão;5/21/2021;0.1;5/28/2021;3
3229;Tênis;Seção Feminina;26.56;35;À vista - Dinheiro;5/21/2021;0.15;5/21/2021;2
3230;Tênis;Seção Feminina;21.03;45;À Vista - Cartão;5/21/2021;0.1;06/11/2021;3
3231;Vestido;Seção Feminina;12.16;22;À vista - Dinheiro;5/21/2021;0.1;5/21/2021;2
3232;Casaco;Seção Feminina;26.190;20;À Vista - Cartão;5/21/2021;0.1;06/11/2021;3
3233;Sapato;Seção Feminina;26.57;13;À Vista - Cartão;5/21/2021;0.15;6/14/2021;2
3234;Tênis;Seção Feminina;26.100;24;À vista - Cartão;5/22/2021;0.1;6/15/2021;2
3235;Short;Seção Feminina;21.92;41;À Vista - Cartão;5/22/2021;0.1;6/15/2021;3
3236;Vestido;Seção Feminina;26.280;45;À vista - Cartão;5/23/2021;0.15;06/08/2021;3
3237;Vestido;Seção Feminina;44.25;7;À vista - Cartão;5/23/2021;0.15;6/18/2021;3
3238;Tênis;Seção Feminina;35.20;17;À vista - Cartão;5/24/2021;0.1;5/26/2021;2
3239;Vestido;Seção Feminina;35.20;7;À vista - Dinheiro;5/24/2021;0.1;5/24/2021;3
3240;Tênis;Seção Feminina;26.415;24;À Vista - Cartão;5/25/2021;0.1;6/23/2021;3
3241;Short;Seção Feminina;26.370;7;À prazo - Cartão;5/25/2021;0.15;6/16/2021;3
3242;Tênis;Seção Feminina;26.55;40;À prazo - Cartão;5/26/2021;0.15;6/20/2021;3
3243;Vestido;Seção Masculina;12.15;40;À vista - Cartão;5/27/2021;0.1;6/20/2021;3
3244;Vestido;Seção Feminina;12.14;44;À vista - Dinheiro;5/28/2021;0.1;5/28/2021;3
3245;Tênis;Seção Feminina;26.280;18;À vista - Dinheiro;5/28/2021;0.1;5/28/2021;2
3246;Calça;Seção Feminina;12.16;28;À vista - Dinheiro;5/28/2021;0.1;5/28/2021;2
3247;Short;Seção Feminina;21.22;25;À prazo - Cartão;5/28/2021;0.1;6/24/2021;3
3248;Vestido;Seção Masculina;21.04;8;À Vista - Cartão;5/29/2021;0.15;06/01/2021;3
3249;Sapato;Seção Feminina;44.22;26;À Vista - Cartão;5/30/2021;0.1;6/13/2021;2
3250;Short;Seção Feminina;44.25;30;À vista - Dinheiro;06/01/2021;0.1;06/01/2021;3
3251;Short;Seção Masculina;26.56;14;À prazo - Cartão;06/01/2021;0.1;6/30/2021;3
3252;Sapato;Seção Feminina;35.19;20;À prazo - Cartão;06/01/2021;0.1;06/08/2021;3
3253;Vestido;Seção Feminina;26.58;43;À Vista - Cartão;06/02/2021;0.1;6/24/2021;2
3254;Short;Seção Masculina;38.95;48;À vista - Cartão;06/02/2021;0.15;6/13/2021;3
3255;Vestido;Seção Feminina;35.20;18;À prazo - Cartão;06/02/2021;0.1;6/21/2021;2
3256;Sapato;Seção Masculina;26.415;48;À Vista - Cartão;06/02/2021;0.1;06/05/2021;3
3257;Short;Seção Feminina;26.235;4;À vista - Dinheiro;06/03/2021;0.15;06/03/2021;3
3258;Vestido;Seção Masculina;35.18;28;À Vista - Cartão;06/04/2021;0.15;6/27/2021;2
3259;Short;Seção Feminina;12.14;22;À Vista - Cartão;06/05/2021;0.1;6/25/2021;2
3260;Vestido;Seção Feminina;26.59;50;À prazo - Cartão;06/05/2021;0.1;06/10/2021;2
3261;Tênis;Seção Feminina;26.235;25;À vista - Cartão;06/05/2021;0.1;6/20/2021;3
3262;Tênis;Seção Feminina;26.325;2;À vista - Dinheiro;06/06/2021;0.1;06/06/2021;2
3263;Short;Seção Masculina;26.415;12;À vista - Dinheiro;06/06/2021;0.1;06/06/2021;3
3264;Vestido;Seção Feminina;26.190;34;À prazo - Cartão;06/07/2021;0.1;6/15/2021;3
3265;Sapato;Seção Feminina;21.34;2;À vista - Cartão;06/07/2021;0.1;06/11/2021;3
3266;Vestido;Seção Feminina;44.22;30;À vista - Dinheiro;06/08/2021;0.1;06/08/2021;3
3267;Vestido;Seção Feminina;21.02;35;À prazo - Cartão;06/09/2021;0.1;6/25/2021;3
3268;Vestido;Seção Feminina;38.94;40;À prazo - Cartão;06/11/2021;0.05;6/23/2021;2
3269;Vestido;Seção Masculina;26.55;8;À vista - Cartão;06/12/2021;0.1;6/26/2021;2
3270;Tênis;Seção Masculina;26.55;39;À prazo - Cartão;06/12/2021;0.15;07/07/2021;3
3271;Vestido;Seção Masculina;26.325;2;À prazo - Cartão;06/12/2021;0.15;07/05/2021;2
3272;Tênis;Seção Feminina;26.190;11;À prazo - Cartão;6/13/2021;0.15;6/24/2021;2
3273;Short;Seção Feminina;35.19;45;À vista - Dinheiro;6/13/2021;0.1;6/13/2021;2
3274;Short;Seção Feminina;21.92;36;À vista - Cartão;6/13/2021;0.15;6/15/2021;3
3275;Tênis;Seção Feminina;21.04;24;À prazo - Cartão;6/14/2021;0.1;6/23/2021;3
3276;Short;Seção Feminina;44.21;41;À prazo - Cartão;6/15/2021;0.1;7/14/2021;3
3277;Casaco;Seção Feminina;44.24;29;À Vista - Cartão;6/15/2021;0.15;07/08/2021;3
3278;Short;Seção Feminina;21.34;8;À Vista - Cartão;6/15/2021;0.1;07/08/2021;3
3279;Sapato;Seção Masculina;35.21;45;À prazo - Cartão;6/16/2021;0.1;7/13/2021;2
3280;Short;Seção Masculina;21.22;25;À vista - Cartão;6/17/2021;0.1;6/24/2021;3
3281;Short;Seção Feminina;12.14;7;À prazo - Cartão;6/18/2021;0.1;7/16/2021;2
3282;Sapato;Seção Feminina;12.13;47;À vista - Cartão;6/18/2021;0.1;07/04/2021;2
3283;Vestido;Seção Masculina;38.97;3;À prazo - Cartão;6/19/2021;0.15;6/30/2021;3
3284;Sapato;Seção Masculina;26.145;41;À prazo - Cartão;6/25/2021;0.15;7/16/2021;2
3285;Tênis;Seção Masculina;38.96;10;À Vista - Cartão;6/26/2021;0.15;7/19/2021;3
3286;Short;Seção Feminina;35.21;14;À vista - Dinheiro;6/26/2021;0.1;6/26/2021;2
3287;Calça;Seção Feminina;38.97;23;À vista - Dinheiro;6/26/2021;0.15;6/26/2021;3
3288;Tênis;Seção Feminina;35.18;9;À prazo - Cartão;6/27/2021;0.1;07/01/2021;3
3289;Short;Seção Feminina;44.23;6;À prazo - Cartão;6/28/2021;0.1;07/02/2021;3
3290;Sapato;Seção Feminina;21.6;22;À Vista - Cartão;6/28/2021;0.1;7/25/2021;2
3291;Short;Seção Feminina;21.50;38;À vista - Cartão;07/01/2021;0.1;7/18/2021;2
3292;Sapato;Seção Feminina;38.96;39;À prazo - Cartão;07/02/2021;0.1;07/08/2021;3
3293;Tênis;Seção Feminina;21.01;23;À Vista - Cartão;07/02/2021;0.1;7/23/2021;2
3294;Sapato;Seção Masculina;26.57;16;À vista - Dinheiro;07/03/2021;0.05;07/03/2021;2
3295;Tênis;Seção Feminina;26.370;46;À prazo - Cartão;07/03/2021;0.1;08/02/2021;2
3296;Tênis;Seção Feminina;26.59;17;À vista - Dinheiro;07/03/2021;0.15;07/03/2021;3
3297;Tênis;Seção Feminina;35.22;37;À Vista - Cartão;07/04/2021;0.1;7/27/2021;3
3298;Sapato;Seção Feminina;21.64;14;À Vista - Cartão;07/05/2021;0.1;7/28/2021;2
3299;Short;Seção Masculina;21.78;22;À Vista - Cartão;07/06/2021;0.1;07/09/2021;2
3300;Sapato;Seção Masculina;21.04;23;À Vista - Cartão;07/06/2021;0.05;7/17/2021;2
3301;Sapato;Seção Feminina;26.280;42;À vista - Dinheiro;07/06/2021;0.1;07/06/2021;2
3302;Short;Seção Feminina;38.96;20;À vista - Dinheiro;07/09/2021;0.1;07/09/2021;2
3303;Tênis;Seção Feminina;35.22;13;À prazo - Cartão;07/09/2021;0.1;7/28/2021;3
3304;Tênis;Seção Feminina;26.100;19;À vista - Cartão;07/10/2021;0.15;7/23/2021;3
3305;Sapato;Seção Feminina;38.95;19;À vista - Cartão;07/11/2021;0.1;08/05/2021;2
3306;Vestido;Seção Feminina;44.25;33;À vista - Dinheiro;07/11/2021;0.15;07/11/2021;3
3307;Sapato;Seção Masculina;26.190;20;À Vista - Cartão;7/13/2021;0.1;7/14/2021;2
3308;Short;Seção Feminina;21.36;29;À Vista - Cartão;7/14/2021;0.1;08/03/2021;3
3309;Sapato;Seção Feminina;26.235;37;À prazo - Cartão;7/14/2021;0.1;7/31/2021;2
3310;Short;Seção Feminina;21.78;15;À vista - Dinheiro;7/14/2021;0.1;7/14/2021;3
3311;Vestido;Seção Masculina;35.19;40;À Vista - Cartão;7/15/2021;0.1;08/01/2021;3
3312;Tênis;Seção Masculina;44.24;13;À prazo - Cartão;7/15/2021;0.15;7/24/2021;2
3313;Tênis;Seção Feminina;26.55;22;À vista - Dinheiro;7/15/2021;0.1;7/15/2021;3
3314;Short;Seção Feminina;38.94;41;À vista - Dinheiro;7/15/2021;0.1;7/15/2021;2
3315;Vestido;Seção Feminina;44.22;42;À prazo - Cartão;7/17/2021;0.1;08/12/2021;3
3316;Vestido;Seção Feminina;21.50;45;À Vista - Cartão;7/17/2021;0.05;7/28/2021;2
3317;Sapato;Seção Masculina;12.16;10;À prazo - Cartão;7/17/2021;0.1;7/31/2021;2
3318;Short;Seção Feminina;12.15;18;À prazo - Cartão;7/19/2021;0.1;7/27/2021;2
3319;Sapato;Seção Masculina;21.78;41;À Vista - Cartão;7/19/2021;0.1;08/07/2021;2
3320;Calça;Seção Feminina;38.96;32;À vista - Cartão;7/20/2021;0.15;7/24/2021;2
3321;Calça;Seção Feminina;44.24;32;À prazo - Cartão;7/20/2021;0.1;7/24/2021;2
3322;Tênis;Seção Feminina;12.16;43;À vista - Cartão;7/20/2021;0.1;08/05/2021;3
3323;Vestido;Seção Masculina;21.04;41;À vista - Cartão;7/22/2021;0.1;7/26/2021;2
3324;Vestido;Seção Feminina;26.190;37;À prazo - Cartão;7/22/2021;0.15;8/21/2021;3
3325;Tênis;Seção Feminina;26.370;3;À prazo - Cartão;7/22/2021;0.15;7/28/2021;2
3326;Vestido;Seção Masculina;26.235;16;À prazo - Cartão;7/22/2021;0.1;8/16/2021;2
3327;Tênis;Seção Feminina;21.36;2;À prazo - Cartão;7/22/2021;0.05;08/06/2021;2
3328;Calça;Seção Feminina;44.25;5;À vista - Cartão;7/22/2021;0.15;7/27/2021;2
3329;Sapato;Seção Feminina;26.415;31;À prazo - Cartão;7/24/2021;0.1;08/09/2021;2
3330;Vestido;Seção Masculina;44.25;21;À vista - Dinheiro;7/24/2021;0.05;7/24/2021;3
3331;Vestido;Seção Feminina;12.16;29;À Vista - Cartão;7/25/2021;0.1;08/05/2021;3
3332;Vestido;Seção Feminina;26.235;13;À Vista - Cartão;7/26/2021;0.1;08/09/2021;3
3333;Tênis;Seção Feminina;21.01;27;À prazo - Cartão;7/26/2021;0.1;8/16/2021;2
3334;Tênis;Seção Feminina;35.20;1;À vista - Dinheiro;7/26/2021;0.1;7/26/2021;3
3335;Tênis;Seção Masculina;12.16;19;À Vista - Cartão;7/26/2021;0.1;08/01/2021;2
3336;Sapato;Seção Feminina;26.59;43;À vista - Cartão;7/26/2021;0.1;08/05/2021;2
3337;Vestido;Seção Masculina;21.92;34;À Vista - Cartão;7/26/2021;0.1;08/07/2021;3
3338;Tênis;Seção Masculina;38.93;32;À vista - Dinheiro;7/28/2021;0.1;7/28/2021;2
3339;Vestido;Seção Masculina;21.78;16;À prazo - Cartão;7/29/2021;0.1;08/05/2021;3
3340;Vestido;Seção Feminina;26.235;19;À prazo - Cartão;7/29/2021;0.1;08/07/2021;2
3341;Short;Seção Feminina;26.57;17;À Vista - Cartão;7/30/2021;0.1;8/16/2021;2
3342;Sapato;Seção Feminina;26.415;48;À prazo - Cartão;7/31/2021;0.15;08/02/2021;2
3343;Tênis;Seção Feminina;26.415;13;À vista - Cartão;08/01/2021;0.1;8/21/2021;3
3344;Short;Seção Feminina;35.21;33;À prazo - Cartão;08/01/2021;0.1;08/03/2021;2
3345;Tênis;Seção Feminina;44.22;4;À prazo - Cartão;08/01/2021;0.1;8/22/2021;2
3346;Vestido;Seção Feminina;21.8;26;À prazo - Cartão;08/01/2021;0.15;8/19/2021;2
3347;Sapato;Seção Feminina;21.34;30;À vista - Cartão;08/01/2021;0.1;8/13/2021;3
3348;Tênis;Seção Masculina;44.22;11;À Vista - Cartão;08/02/2021;0.15;08/12/2021;3
3349;Tênis;Seção Feminina;21.34;35;À vista - Cartão;08/03/2021;0.1;8/28/2021;3
3350;Vestido;Seção Masculina;21.20;13;À vista - Dinheiro;08/03/2021;0.1;08/03/2021;2
3351;Vestido;Seção Masculina;35.22;16;À prazo - Cartão;08/04/2021;0.15;8/21/2021;3
3352;Calça;Seção Feminina;44.22;25;À prazo - Cartão;08/05/2021;0.1;8/29/2021;3
3353;Casaco;Seção Feminina;44.23;10;À vista - Cartão;08/05/2021;0.15;08/07/2021;2
3354;Short;Seção Feminina;44.22;49;À Vista - Cartão;08/05/2021;0.1;8/21/2021;3
3355;Sapato;Seção Feminina;21.78;13;À prazo - Cartão;08/05/2021;0.15;8/23/2021;2
3356;Casaco;Seção Feminina;35.20;9;À vista - Cartão;08/06/2021;0.15;8/24/2021;2
3357;Short;Seção Feminina;35.18;29;À prazo - Cartão;08/07/2021;0.1;8/31/2021;2
3358;Short;Seção Masculina;44.24;29;À prazo - Cartão;08/09/2021;0.1;8/15/2021;2
3359;Vestido;Seção Masculina;21.22;18;À vista - Cartão;08/09/2021;0.1;8/21/2021;2
3360;Tênis;Seção Feminina;26.55;50;À vista - Dinheiro;08/10/2021;0.15;08/10/2021;3
3361;Tênis;Seção Masculina;21.8;30;À vista - Dinheiro;08/12/2021;0.15;08/12/2021;2
3362;Sapato;Seção Feminina;12.13;19;À vista - Dinheiro;8/13/2021;0.15;8/13/2021;3
3363;Tênis;Seção Masculina;26.55;6;À vista - Dinheiro;8/13/2021;0.1;8/13/2021;3
3364;Short;Seção Feminina;21.36;40;À Vista - Cartão;8/14/2021;0.15;09/07/2021;3
3365;Short;Seção Masculina;21.36;5;À Vista - Cartão;8/14/2021;0.1;8/17/2021;3
3366;Vestido;Seção Masculina;21.20;40;À vista - Cartão;8/15/2021;0.1;09/04/2021;2
3367;Vestido;Seção Masculina;26.235;14;À Vista - Cartão;8/17/2021;0.1;8/19/2021;3
3368;Vestido;Seção Masculina;44.22;19;À Vista - Cartão;8/17/2021;0.15;8/24/2021;2
3369;Vestido;Seção Feminina;21.92;49;À prazo - Cartão;8/17/2021;0.1;8/26/2021;2
3370;Short;Seção Feminina;26.56;15;À vista - Dinheiro;8/17/2021;0.1;8/17/2021;3
3371;Tênis;Seção Feminina;38.95;18;À vista - Cartão;8/17/2021;0.15;8/18/2021;3
3372;Tênis;Seção Feminina;44.23;23;À vista - Cartão;8/18/2021;0.15;8/27/2021;2
3373;Tênis;Seção Feminina;44.25;34;À prazo - Cartão;8/18/2021;0.15;8/25/2021;2
3374;Tênis;Seção Feminina;26.415;6;À prazo - Cartão;8/19/2021;0.1;8/28/2021;3
3375;Sapato;Seção Masculina;26.325;45;À prazo - Cartão;8/20/2021;0.15;8/21/2021;2
3376;Vestido;Seção Masculina;21.02;21;À prazo - Cartão;8/21/2021;0.05;8/30/2021;2
3377;Short;Seção Masculina;35.21;50;À Vista - Cartão;8/22/2021;0.1;8/30/2021;3
3378;Sapato;Seção Feminina;26.280;16;À Vista - Cartão;8/22/2021;0.1;8/31/2021;3
3379;Vestido;Seção Masculina;26.100;25;À vista - Dinheiro;8/22/2021;0.1;8/22/2021;3
3380;Tênis;Seção Feminina;21.36;44;À Vista - Cartão;8/23/2021;0.1;8/29/2021;2
3381;Short;Seção Feminina;26.145;25;À Vista - Cartão;8/23/2021;0.1;9/15/2021;3
3382;Vestido;Seção Feminina;38.94;20;À prazo - Cartão;8/23/2021;0.15;8/29/2021;2
3383;Tênis;Seção Feminina;38.97;18;À prazo - Cartão;8/24/2021;0.1;8/25/2021;2
3384;Short;Seção Masculina;44.25;28;À vista - Dinheiro;8/25/2021;0.05;8/25/2021;2
3385;Tênis;Seção Feminina;12.14;7;À vista - Dinheiro;8/25/2021;0.1;8/25/2021;3
3386;Short;Seção Feminina;26.57;31;À vista - Dinheiro;8/26/2021;0.1;8/26/2021;3
3387;Tênis;Seção Feminina;35.20;39;À prazo - Cartão;8/26/2021;0.1;8/28/2021;2
3388;Tênis;Seção Feminina;21.00;1;À vista - Cartão;8/26/2021;0.1;8/30/2021;2
3389;Sapato;Seção Feminina;12.13;49;À vista - Dinheiro;8/27/2021;0.15;8/27/2021;2
3390;Sapato;Seção Masculina;44.24;40;À vista - Dinheiro;8/28/2021;0.1;8/28/2021;3
3391;Short;Seção Masculina;35.21;38;À Vista - Cartão;8/30/2021;0.1;09/03/2021;3
3392;Sapato;Seção Masculina;21.04;2;À vista - Cartão;8/30/2021;0.1;9/25/2021;3
3393;Sapato;Seção Feminina;26.59;4;À vista - Cartão;8/30/2021;0.1;9/19/2021;2
3394;Short;Seção Feminina;21.03;26;À Vista - Cartão;8/30/2021;0.15;9/24/2021;3
3395;Short;Seção Masculina;21.04;47;À vista - Dinheiro;8/31/2021;0.1;8/31/2021;3
3396;Short;Seção Feminina;26.280;21;À Vista - Cartão;09/01/2021;0.1;9/26/2021;2
3397;Short;Seção Feminina;44.25;44;À Vista - Cartão;09/01/2021;0.1;09/11/2021;2
3398;Vestido;Seção Feminina;26.10;13;À vista - Dinheiro;09/01/2021;0.1;09/01/2021;3
3399;Sapato;Seção Feminina;21.20;12;À vista - Dinheiro;09/02/2021;0.1;09/02/2021;3
3400;Vestido;Seção Feminina;44.21;48;À prazo - Cartão;09/03/2021;0.05;9/27/2021;2
3401;Tênis;Seção Feminina;26.280;8;À Vista - Cartão;09/03/2021;0.1;9/27/2021;3
3402;Tênis;Seção Feminina;21.20;30;À prazo - Cartão;09/03/2021;0.1;9/20/2021;3
3403;Vestido;Seção Feminina;38.95;29;À vista - Dinheiro;09/04/2021;0.1;09/04/2021;2
3404;Tênis;Seção Feminina;26.58;1;À prazo - Cartão;09/04/2021;0.1;10/01/2021;2
3405;Casaco;Seção Masculina;12.15;47;À Vista - Cartão;09/04/2021;0.1;09/05/2021;2
3406;Tênis;Seção Feminina;26.59;32;À Vista - Cartão;09/04/2021;0.1;9/21/2021;3
3407;Tênis;Seção Feminina;26.10;14;À prazo - Cartão;09/04/2021;0.1;09/06/2021;2
3408;Short;Seção Masculina;12.13;32;À prazo - Cartão;09/05/2021;0.1;9/14/2021;3
3409;Vestido;Seção Feminina;26.145;24;À Vista - Cartão;09/06/2021;0.15;10/05/2021;2
3410;Vestido;Seção Feminina;21.22;39;À prazo - Cartão;09/06/2021;0.15;9/23/2021;2
3411;Vestido;Seção Feminina;12.16;41;À prazo - Cartão;09/07/2021;0.1;09/08/2021;2
3412;Short;Seção Feminina;21.01;32;À prazo - Cartão;09/07/2021;0.15;09/09/2021;3
3413;Tênis;Seção Feminina;38.94;10;À Vista - Cartão;09/07/2021;0.1;9/22/2021;2
3414;Vestido;Seção Feminina;21.36;35;À prazo - Cartão;09/08/2021;0.1;09/12/2021;3
3415;Sapato;Seção Feminina;21.78;50;À vista - Dinheiro;09/08/2021;0.1;09/08/2021;3
3416;Short;Seção Feminina;21.20;31;À prazo - Cartão;09/08/2021;0.05;9/16/2021;2
3417;Tênis;Seção Feminina;38.97;36;À prazo - Cartão;09/09/2021;0.1;09/12/2021;2
3418;Short;Seção Feminina;44.23;49;À vista - Cartão;09/09/2021;0.05;10/04/2021;2
3419;Tênis;Seção Masculina;44.22;46;À vista - Dinheiro;09/10/2021;0.1;09/10/2021;2
3420;Sapato;Seção Masculina;26.370;25;À prazo - Cartão;09/10/2021;0.15;9/15/2021;2
3421;Vestido;Seção Feminina;26.280;21;À Vista - Cartão;09/11/2021;0.1;9/21/2021;2
3422;Vestido;Seção Feminina;21.50;48;À prazo - Cartão;09/12/2021;0.1;10/10/2021;3
3423;Sapato;Seção Feminina;26.59;24;À vista - Dinheiro;9/13/2021;0.1;9/13/2021;3
3424;Vestido;Seção Feminina;21.20;47;À prazo - Cartão;9/13/2021;0.1;9/25/2021;3
3425;Tênis;Seção Feminina;21.6;42;À Vista - Cartão;9/16/2021;0.05;10/01/2021;3
3426;Tênis;Seção Feminina;21.34;15;À prazo - Cartão;9/16/2021;0.15;9/20/2021;3
3427;Vestido;Seção Feminina;26.55;46;À Vista - Cartão;9/17/2021;0.1;9/28/2021;3
3428;Short;Seção Masculina;38.97;49;À prazo - Cartão;9/17/2021;0.15;10/14/2021;3
3429;Tênis;Seção Feminina;26.415;45;À vista - Dinheiro;9/17/2021;0.1;9/17/2021;2
3430;Sapato;Seção Feminina;26.10;44;À Vista - Cartão;9/17/2021;0.1;10/09/2021;3
3431;Tênis;Seção Feminina;26.59;33;À vista - Cartão;9/19/2021;0.1;9/29/2021;3
3432;Sapato;Seção Masculina;26.280;21;À prazo - Cartão;9/21/2021;0.1;10/03/2021;2
3433;Vestido;Seção Feminina;44.21;29;À Vista - Cartão;9/21/2021;0.1;9/29/2021;3
3434;Short;Seção Feminina;21.34;6;À prazo - Cartão;9/21/2021;0.1;10/06/2021;3
3435;Short;Seção Feminina;38.96;50;À Vista - Cartão;9/22/2021;0.1;10/02/2021;2
3436;Tênis;Seção Feminina;21.20;41;À vista - Dinheiro;9/22/2021;0.1;9/22/2021;2
3437;Tênis;Seção Feminina;26.56;22;À vista - Dinheiro;9/22/2021;0.1;9/22/2021;2
3438;Vestido;Seção Masculina;26.55;19;À prazo - Cartão;9/22/2021;0.15;10/17/2021;3
3439;Vestido;Seção Feminina;21.6;26;À vista - Dinheiro;9/22/2021;0.15;9/22/2021;2
3440;Short;Seção Masculina;26.325;9;À vista - Dinheiro;9/26/2021;0.15;9/26/2021;2
3441;Sapato;Seção Masculina;44.25;40;À prazo - Cartão;9/26/2021;0.15;10/19/2021;2
3442;Short;Seção Feminina;21.6;33;À vista - Cartão;9/27/2021;0.1;10/22/2021;3
3443;Vestido;Seção Feminina;35.18;12;À vista - Dinheiro;9/27/2021;0.1;9/27/2021;2
3444;Sapato;Seção Feminina;44.25;48;À prazo - Cartão;9/28/2021;0.15;10/11/2021;2
3445;Tênis;Seção Feminina;12.16;44;À prazo - Cartão;9/28/2021;0.1;10/27/2021;2
3446;Short;Seção Masculina;21.22;24;À vista - Dinheiro;9/29/2021;0.1;9/29/2021;3
3447;Sapato;Seção Masculina;21.02;44;À prazo - Cartão;9/29/2021;0.1;10/11/2021;2
3448;Tênis;Seção Masculina;26.56;4;À prazo - Cartão;9/30/2021;0.1;10/10/2021;3
3449;Vestido;Seção Feminina;44.25;39;À vista - Dinheiro;9/30/2021;0.15;9/30/2021;3
3450;Tênis;Seção Feminina;44.23;17;À vista - Cartão;9/30/2021;0.1;10/18/2021;3
3451;Vestido;Seção Feminina;38.93;12;À prazo - Cartão;10/02/2021;0.1;10/09/2021;3
3452;Short;Seção Feminina;26.55;27;À Vista - Cartão;10/02/2021;0.1;10/03/2021;3
3453;Tênis;Seção Feminina;38.94;5;À prazo - Cartão;10/02/2021;0.15;10/25/2021;3
3454;Short;Seção Masculina;21.22;27;À vista - Dinheiro;10/02/2021;0.1;10/02/2021;3
3455;Vestido;Seção Feminina;21.34;67;À vista - Dinheiro;10/03/2021;0.1;10/03/2021;3
3456;Vestido;Seção Feminina;38.97;24;À vista - Dinheiro;10/03/2021;0.1;10/03/2021;2
3457;Tênis;Seção Feminina;12.14;28;À prazo - Cartão;10/04/2021;0.1;10/25/2021;2
3458;Short;Seção Feminina;44.25;50;À Vista - Cartão;10/04/2021;0.1;10/11/2021;3
3459;Vestido;Seção Feminina;35.20;44;À prazo - Cartão;10/04/2021;0.1;10/18/2021;2
3460;Vestido;Seção Feminina;21.01;4;À Vista - Cartão;10/06/2021;0.1;10/29/2021;3
3461;Vestido;Seção Masculina;26.325;40;À vista - Cartão;10/06/2021;0.1;10/10/2021;2
3462;Tênis;Seção Feminina;38.97;28;À vista - Dinheiro;10/06/2021;0.15;10/06/2021;2
3463;Tênis;Seção Feminina;35.19;40;À vista - Dinheiro;10/07/2021;0.1;10/07/2021;3
3464;Vestido;Seção Feminina;44.23;27;À vista - Cartão;10/09/2021;0.15;10/20/2021;2
3465;Vestido;Seção Feminina;26.415;49;À prazo - Cartão;10/09/2021;0.1;10/25/2021;3
3466;Vestido;Seção Masculina;38.95;18;À prazo - Cartão;10/10/2021;0.15;11/03/2021;2
3467;Vestido;Seção Masculina;26.55;24;À Vista - Cartão;10/10/2021;0.1;11/06/2021;2
3468;Short;Seção Feminina;21.20;17;À prazo - Cartão;10/11/2021;0.15;10/28/2021;2
3469;Sapato;Seção Masculina;38.97;47;À vista - Cartão;10/11/2021;0.15;10/29/2021;3
3470;Vestido;Seção Feminina;44.25;28;À Vista - Cartão;10/11/2021;0.1;11/09/2021;2
3471;Sapato;Seção Feminina;21.64;24;À vista - Dinheiro;10/13/2021;0.05;10/13/2021;2
3472;Vestido;Seção Masculina;44.25;3;À prazo - Cartão;10/14/2021;0.15;11/10/2021;3
3473;Tênis;Seção Feminina;26.55;40;À Vista - Cartão;10/14/2021;0.15;11/04/2021;3
3474;Short;Seção Masculina;44.25;50;À prazo - Cartão;10/16/2021;0.15;10/25/2021;2
3475;Vestido;Seção Feminina;26.325;19;À prazo - Cartão;10/16/2021;0.1;11/05/2021;3
3476;Vestido;Seção Feminina;26.57;14;À vista - Cartão;10/17/2021;0.1;11/12/2021;2
3477;Short;Seção Feminina;21.04;44;À Vista - Cartão;10/19/2021;0.1;10/28/2021;2
3478;Short;Seção Feminina;26.280;44;À Vista - Cartão;10/19/2021;0.15;10/22/2021;2
3479;Vestido;Seção Masculina;12.14;16;À vista - Dinheiro;10/20/2021;0.1;10/20/2021;2
3480;Short;Seção Feminina;21.8;11;À vista - Cartão;10/21/2021;0.15;10/29/2021;3
3481;Sapato;Seção Masculina;44.21;32;À prazo - Cartão;10/21/2021;0.1;11/14/2021;2
3482;Short;Seção Feminina;21.20;27;À vista - Dinheiro;10/21/2021;0.15;10/21/2021;2
3483;Vestido;Seção Feminina;38.97;41;À vista - Dinheiro;10/22/2021;0.1;10/22/2021;2
3484;Short;Seção Feminina;26.55;25;À vista - Dinheiro;10/22/2021;0.1;10/22/2021;2
3485;Short;Seção Masculina;21.03;37;À vista - Dinheiro;10/23/2021;0.1;10/23/2021;2
3486;Sapato;Seção Feminina;26.325;35;À Vista - Cartão;10/24/2021;0.1;10/26/2021;2
3487;Vestido;Seção Feminina;38.94;49;À prazo - Cartão;10/24/2021;0.15;11/16/2021;2
3488;Short;Seção Feminina;26.55;40;À Vista - Cartão;10/24/2021;0.15;11/10/2021;3
3489;Short;Seção Feminina;21.02;39;À prazo - Cartão;10/24/2021;0.1;11/15/2021;3
3490;Vestido;Seção Feminina;21.03;38;À vista - Dinheiro;10/24/2021;0.1;10/24/2021;3
3491;Vestido;Seção Masculina;26.10;33;À vista - Dinheiro;10/24/2021;0.1;10/24/2021;2
3492;Tênis;Seção Feminina;21.78;42;À prazo - Cartão;10/25/2021;0.1;11/17/2021;2
3493;Vestido;Seção Feminina;21.01;2;À Vista - Cartão;10/25/2021;0.1;11/20/2021;2
3494;Vestido;Seção Feminina;26.58;1;À Vista - Cartão;10/26/2021;0.1;10/28/2021;2
3495;Tênis;Seção Feminina;21.04;40;À prazo - Cartão;10/27/2021;0.1;11/22/2021;3
3496;Tênis;Seção Feminina;26.235;17;À vista - Dinheiro;10/27/2021;0.1;10/27/2021;2
3497;Short;Seção Masculina;35.19;11;À prazo - Cartão;10/28/2021;0.1;11/14/2021;3
3498;Short;Seção Masculina;26.370;13;À prazo - Cartão;10/28/2021;0.15;11/23/2021;2
3499;Short;Seção Feminina;26.190;22;À vista - Cartão;10/28/2021;0.1;11/10/2021;3
3500;Vestido;Seção Masculina;35.21;23;À prazo - Cartão;10/29/2021;0.1;11/24/2021;2
3501;Casaco;Seção Feminina;12.16;46;À prazo - Cartão;10/30/2021;0.1;11/26/2021;3
3502;Short;Seção Feminina;21.02;47;À Vista - Cartão;10/30/2021;0.1;11/03/2021;3
3503;Vestido;Seção Masculina;44.23;17;À Vista - Cartão;10/30/2021;0.1;11/08/2021;2
3504;Tênis;Seção Feminina;26.145;13;À prazo - Cartão;10/31/2021;0.15;11/21/2021;2
3505;Sapato;Seção Feminina;26.325;31;À prazo - Cartão;11/01/2021;0.1;12/01/2021;3
3506;Tênis;Seção Feminina;35.18;21;À prazo - Cartão;11/02/2021;0.1;11/09/2021;3
3507;Vestido;Seção Feminina;26.325;14;À vista - Dinheiro;11/04/2021;0.1;11/04/2021;2
3508;Calça;Seção Masculina;38.94;29;À vista - Cartão;11/05/2021;0.15;11/17/2021;3
3509;Sapato;Seção Feminina;21.50;11;À Vista - Cartão;11/05/2021;0.1;11/17/2021;3
3510;Sapato;Seção Feminina;21.36;26;À vista - Dinheiro;11/05/2021;0.15;11/05/2021;3
3511;Tênis;Seção Feminina;21.6;9;À prazo - Cartão;11/05/2021;0.1;11/10/2021;3
3512;Tênis;Seção Feminina;26.415;42;À Vista - Cartão;11/05/2021;0.1;12/04/2021;2
3513;Vestido;Seção Masculina;12.15;5;À vista - Dinheiro;11/06/2021;0.15;11/06/2021;2
3514;Short;Seção Feminina;44.24;24;À prazo - Cartão;11/06/2021;0.1;11/22/2021;3
3515;Sapato;Seção Masculina;26.55;30;À prazo - Cartão;11/07/2021;0.1;11/22/2021;2
3516;Vestido;Seção Feminina;21.92;22;À Vista - Cartão;11/07/2021;0.1;11/21/2021;2
3517;Sapato;Seção Feminina;26.55;38;À vista - Dinheiro;11/08/2021;0.1;11/08/2021;3
3518;Short;Seção Masculina;38.97;35;À prazo - Cartão;11/08/2021;0.1;11/30/2021;2
3519;Sapato;Seção Feminina;38.96;16;À prazo - Cartão;11/09/2021;0.1;12/01/2021;2
3520;Sapato;Seção Feminina;21.00;2;À prazo - Cartão;11/11/2021;0.1;11/19/2021;3
3521;Vestido;Seção Feminina;44.21;45;À Vista - Cartão;11/11/2021;0.1;11/21/2021;2
3522;Sapato;Seção Feminina;21.92;30;À Vista - Cartão;11/12/2021;0.15;12/09/2021;3
3523;Sapato;Seção Feminina;12.16;21;À Vista - Cartão;11/13/2021;0.1;11/21/2021;2
3524;Vestido;Seção Feminina;26.59;29;À Vista - Cartão;11/14/2021;0.05;11/23/2021;2
3525;Short;Seção Masculina;21.8;2;À vista - Dinheiro;11/14/2021;0.15;11/14/2021;2
3526;Short;Seção Feminina;12.13;30;À prazo - Cartão;11/15/2021;0.1;12/09/2021;3
3527;Tênis;Seção Feminina;26.280;14;À vista - Cartão;11/16/2021;0.1;11/28/2021;2
3528;Short;Seção Feminina;26.55;46;À prazo - Cartão;11/16/2021;0.15;11/25/2021;2
3529;Vestido;Seção Feminina;21.03;39;À Vista - Cartão;11/17/2021;0.05;12/06/2021;3
3530;Tênis;Seção Feminina;12.15;43;À Vista - Cartão;11/17/2021;0.15;12/05/2021;3
3531;Vestido;Seção Masculina;21.36;6;À Vista - Cartão;11/18/2021;0.1;12/08/2021;3
3532;Sapato;Seção Masculina;21.8;1;À vista - Dinheiro;11/18/2021;0.1;11/18/2021;2
3533;Vestido;Seção Masculina;26.235;35;À prazo - Cartão;11/18/2021;0.1;12/10/2021;2
3534;Short;Seção Feminina;21.92;13;À Vista - Cartão;11/19/2021;0.15;12/18/2021;2
3535;Short;Seção Masculina;44.23;29;À vista - Dinheiro;11/20/2021;0.15;11/20/2021;3
3536;Tênis;Seção Feminina;44.22;34;À Vista - Cartão;11/20/2021;0.1;12/04/2021;3
3537;Tênis;Seção Feminina;44.23;22;À prazo - Cartão;11/21/2021;0.15;12/21/2021;3
3538;Sapato;Seção Feminina;26.325;28;À Vista - Cartão;11/21/2021;0.15;12/05/2021;2
3539;Vestido;Seção Masculina;21.34;8;À prazo - Cartão;11/22/2021;0.15;12/20/2021;3
3540;Vestido;Seção Feminina;35.22;23;À vista - Cartão;11/23/2021;0.1;12/11/2021;3
3541;Short;Seção Masculina;26.325;30;À vista - Dinheiro;11/24/2021;0.15;11/24/2021;2
3542;Tênis;Seção Masculina;26.190;5;À prazo - Cartão;11/24/2021;0.15;12/14/2021;2
3543;Sapato;Seção Feminina;26.55;29;À prazo - Cartão;11/24/2021;0.1;11/29/2021;3
3544;Tênis;Seção Masculina;26.190;32;À prazo - Cartão;11/24/2021;0.15;12/17/2021;3
3545;Short;Seção Feminina;26.100;29;À Vista - Cartão;11/24/2021;0.15;12/24/2021;2
3546;Casaco;Seção Feminina;12.13;2;À Vista - Cartão;11/25/2021;0.1;12/22/2021;3
3547;Tênis;Seção Feminina;26.10;32;À prazo - Cartão;11/25/2021;0.15;12/24/2021;3
3548;Vestido;Seção Feminina;12.15;9;À Vista - Cartão;11/26/2021;0.1;12/07/2021;2
3549;Short;Seção Masculina;38.95;34;À prazo - Cartão;11/26/2021;0.15;12/03/2021;2
3550;Short;Seção Feminina;26.370;19;À Vista - Cartão;11/27/2021;0.1;12/10/2021;3
3551;Short;Seção Masculina;26.325;31;À vista - Dinheiro;11/29/2021;0.15;11/29/2021;2
3552;Vestido;Seção Feminina;44.24;3;À prazo - Cartão;11/29/2021;0.1;12/16/2021;2
3553;Tênis;Seção Feminina;26.280;16;À Vista - Cartão;11/29/2021;0.15;12/08/2021;3
3554;Short;Seção Masculina;26.58;49;À Vista - Cartão;11/30/2021;0.1;12/30/2021;3
3555;Short;Seção Masculina;35.19;20;À prazo - Cartão;11/30/2021;0.1;12/08/2021;3
3556;Short;Seção Feminina;35.22;25;À vista - Dinheiro;12/02/2021;0.05;12/02/2021;2
3557;Tênis;Seção Feminina;26.57;35;À Vista - Cartão;12/02/2021;0.15;12/31/2021;2
3558;Short;Seção Feminina;21.50;41;À prazo - Cartão;12/04/2021;0.05;12/16/2021;3
3559;Short;Seção Feminina;21.78;12;À prazo - Cartão;12/04/2021;0.15;01/03/2022;2
3560;Calça;Seção Feminina;26.325;43;À prazo - Cartão;12/04/2021;0.1;12/17/2021;2
3561;Tênis;Seção Feminina;38.93;20;À vista - Dinheiro;12/06/2021;0.1;12/06/2021;2
3562;Tênis;Seção Feminina;21.64;41;À Vista - Cartão;12/07/2021;0.1;12/21/2021;3
3563;Sapato;Seção Feminina;26.59;33;À Vista - Cartão;12/07/2021;0.15;01/06/2022;3
3564;Sapato;Seção Feminina;26.280;3;À Vista - Cartão;12/09/2021;0.1;01/07/2022;2
3565;Vestido;Seção Feminina;21.50;35;À vista - Cartão;12/09/2021;0.1;01/08/2022;2
3566;Short;Seção Feminina;26.370;40;À Vista - Cartão;12/11/2021;0.15;01/06/2022;2
3567;Short;Seção Masculina;35.22;2;À Vista - Cartão;12/12/2021;0.1;12/22/2021;3
3568;Sapato;Seção Feminina;26.58;18;À Vista - Cartão;12/12/2021;0.15;01/04/2022;3
3569;Short;Seção Feminina;21.6;5;À prazo - Cartão;12/13/2021;0.1;12/17/2021;3
3570;Vestido;Seção Masculina;21.04;20;À prazo - Cartão;12/13/2021;0.1;01/08/2022;3
3571;Tênis;Seção Feminina;26.415;8;À vista - Dinheiro;12/15/2021;0.1;12/15/2021;2
3572;Short;Seção Masculina;38.97;43;À vista - Cartão;12/16/2021;0.1;12/29/2021;2
3573;Vestido;Seção Feminina;26.10;1;À prazo - Cartão;12/16/2021;0.15;12/20/2021;2
3574;Casaco;Seção Feminina;44.25;14;À prazo - Cartão;12/16/2021;0.15;12/31/2021;2
3575;Short;Seção Masculina;26.235;36;À vista - Dinheiro;12/17/2021;0.1;12/17/2021;2
3576;Short;Seção Feminina;44.21;37;À prazo - Cartão;12/17/2021;0.05;12/28/2021;2
3577;Tênis;Seção Feminina;38.95;48;À vista - Dinheiro;12/18/2021;0.1;12/18/2021;2
3578;Tênis;Seção Masculina;21.36;24;À Vista - Cartão;12/19/2021;0.1;01/08/2022;2
3579;Sapato;Seção Feminina;21.04;48;À vista - Cartão;12/20/2021;0.15;01/10/2022;3
3580;Short;Seção Feminina;21.64;8;À prazo - Cartão;12/20/2021;0.1;01/06/2022;3
3581;Vestido;Seção Feminina;26.325;50;À prazo - Cartão;12/23/2021;0.1;12/31/2021;2
3582;Sapato;Seção Feminina;21.8;46;À prazo - Cartão;12/23/2021;0.15;1/13/2022;2
3583;Tênis;Seção Feminina;35.20;33;À vista - Cartão;12/23/2021;0.1;1/21/2022;3
3584;Vestido;Seção Feminina;26.56;3;À Vista - Cartão;12/24/2021;0.1;01/12/2022;3
3585;Vestido;Seção Masculina;26.57;19;À vista - Cartão;12/24/2021;0.1;1/14/2022;3
3586;Short;Seção Feminina;21.6;9;À prazo - Cartão;12/24/2021;0.1;12/27/2021;2
3587;Vestido;Seção Masculina;26.57;6;À Vista - Cartão;12/26/2021;0.1;1/16/2022;2
3588;Sapato;Seção Feminina;26.190;25;À Vista - Cartão;12/26/2021;0.1;12/27/2021;2
3589;Sapato;Seção Feminina;21.78;39;À prazo - Cartão;12/26/2021;0.1;01/05/2022;3
3590;Short;Seção Feminina;35.21;12;À Vista - Cartão;12/27/2021;0.05;01/07/2022;3
3591;Sapato;Seção Masculina;26.58;29;À vista - Cartão;12/27/2021;0.15;1/20/2022;3
3592;Sapato;Seção Feminina;26.370;34;À prazo - Cartão;12/28/2021;0.15;01/07/2022;3
3593;Sapato;Seção Feminina;26.57;22;À Vista - Cartão;12/28/2021;0.1;12/30/2021;2
3594;Sapato;Seção Feminina;21.6;30;À Vista - Cartão;12/28/2021;0.15;12/29/2021;3
3595;Sapato;Seção Feminina;12.14;11;À prazo - Cartão;12/28/2021;0.1;1/13/2022;2
3596;Short;Seção Feminina;35.21;48;À vista - Cartão;12/30/2021;0.15;1/20/2022;3
3597;Sapato;Seção Feminina;44.24;22;À Vista - Cartão;12/30/2021;0.15;01/05/2022;2
3598;Vestido;Seção Masculina;35.22;32;À vista - Cartão;12/31/2021;0.1;1/28/2022;2
3599;Tênis;Seção Feminina;26.370;4;À prazo - Cartão;12/31/2021;0.15;01/04/2022;2
3600;Vestido;Seção Masculina;21.92;35;À prazo - Cartão;12/31/2021;0.1;01/09/2022;2
3601;Tênis;Seção Feminina;21.36;14;À prazo - Cartão;01/01/2022;0.1;01/09/2022;2
3602;Sapato;Seção Masculina;26.56;43;À prazo - Cartão;01/02/2022;0.1;02/01/2022;3
3603;Vestido;Seção Feminina;35.19;3;À prazo - Cartão;01/02/2022;0.15;01/08/2022;3
3604;Vestido;Seção Feminina;35.18;29;À Vista - Cartão;01/02/2022;0.1;1/29/2022;2
3605;Tênis;Seção Feminina;21.03;38;À prazo - Cartão;01/03/2022;0.1;1/25/2022;3
3606;Tênis;Seção Feminina;21.64;28;À prazo - Cartão;01/03/2022;0.1;1/25/2022;3
3607;Vestido;Seção Feminina;38.97;36;À prazo - Cartão;01/03/2022;0.1;01/09/2022;2
3608;Tênis;Seção Feminina;12.15;17;À prazo - Cartão;01/03/2022;0.1;01/12/2022;3
3609;Vestido;Seção Masculina;26.415;11;À prazo - Cartão;01/04/2022;0.1;02/02/2022;3
3610;Sapato;Seção Feminina;44.24;34;À prazo - Cartão;01/05/2022;0.15;1/22/2022;2
3611;Vestido;Seção Feminina;38.94;9;À prazo - Cartão;01/05/2022;0.05;1/23/2022;2
3612;Sapato;Seção Feminina;26.55;26;À Vista - Cartão;01/05/2022;0.05;1/21/2022;3
3613;Tênis;Seção Feminina;38.97;42;À vista - Dinheiro;01/06/2022;0.1;01/06/2022;2
3614;Tênis;Seção Feminina;21.02;26;À prazo - Cartão;01/06/2022;0.1;01/08/2022;2
3615;Calça;Seção Feminina;21.92;6;À Vista - Cartão;01/06/2022;0.1;1/14/2022;3
3616;Sapato;Seção Masculina;35.21;40;À vista - Cartão;01/07/2022;0.1;1/17/2022;2
3617;Short;Seção Feminina;26.59;7;À prazo - Cartão;01/07/2022;0.1;1/21/2022;2
3618;Tênis;Seção Masculina;35.21;6;À prazo - Cartão;01/07/2022;0.1;02/03/2022;3
3619;Vestido;Seção Feminina;21.6;6;À prazo - Cartão;01/07/2022;0.1;1/25/2022;3
3620;Vestido;Seção Feminina;21.8;1;À prazo - Cartão;01/07/2022;0.15;1/27/2022;3
3621;Short;Seção Feminina;44.21;29;À vista - Dinheiro;01/08/2022;0.1;01/08/2022;3
3622;Vestido;Seção Masculina;26.100;17;À prazo - Cartão;01/09/2022;0.15;1/20/2022;2
3623;Vestido;Seção Feminina;26.55;31;À prazo - Cartão;01/09/2022;0.1;1/25/2022;2
3624;Tênis;Seção Feminina;21.00;39;À prazo - Cartão;01/10/2022;0.1;1/15/2022;3
3625;Sapato;Seção Feminina;26.57;25;À Vista - Cartão;01/10/2022;0.15;1/19/2022;2
3626;Short;Seção Feminina;21.03;43;À Vista - Cartão;01/11/2022;0.1;1/27/2022;2
3627;Short;Seção Masculina;38.93;9;À prazo - Cartão;01/11/2022;0.1;1/31/2022;2
3628;Short;Seção Feminina;35.20;16;À prazo - Cartão;01/12/2022;0.1;02/10/2022;2
3629;Tênis;Seção Masculina;35.18;42;À Vista - Cartão;01/12/2022;0.15;1/25/2022;3
3630;Sapato;Seção Feminina;21.64;16;À vista - Dinheiro;01/12/2022;0.1;01/12/2022;3
3631;Vestido;Seção Feminina;35.22;50;À vista - Cartão;1/13/2022;0.1;1/15/2022;3
3632;Short;Seção Masculina;12.14;7;À vista - Cartão;1/13/2022;0.1;1/30/2022;3
3633;Tênis;Seção Feminina;21.03;12;À Vista - Cartão;1/13/2022;0.15;1/30/2022;2
3634;Vestido;Seção Feminina;26.280;3;À Vista - Cartão;1/13/2022;0.1;1/16/2022;3
3635;Sapato;Seção Masculina;26.55;41;À Vista - Cartão;1/14/2022;0.1;1/15/2022;3
3636;Vestido;Seção Masculina;21.34;36;À vista - Dinheiro;1/14/2022;0.1;1/14/2022;3
3637;Vestido;Seção Masculina;26.58;25;À vista - Cartão;1/14/2022;0.15;02/07/2022;2
3638;Short;Seção Feminina;21.6;41;À prazo - Cartão;1/15/2022;0.1;02/12/2022;3
3639;Sapato;Seção Feminina;35.19;48;À prazo - Cartão;1/15/2022;0.1;1/22/2022;2
3640;Vestido;Seção Masculina;12.15;42;À prazo - Cartão;1/15/2022;0.1;1/17/2022;3
3641;Tênis;Seção Masculina;26.59;29;À prazo - Cartão;1/16/2022;0.1;1/25/2022;2
3642;Short;Seção Feminina;21.20;47;À prazo - Cartão;1/16/2022;0.15;2/15/2022;2
3643;Vestido;Seção Feminina;26.58;49;À prazo - Cartão;1/16/2022;0.1;1/26/2022;2
3644;Vestido;Seção Masculina;44.23;21;À vista - Cartão;1/16/2022;0.1;1/22/2022;2
3645;Tênis;Seção Feminina;38.97;19;À prazo - Cartão;1/17/2022;0.1;02/08/2022;3
3646;Vestido;Seção Feminina;12.14;36;À prazo - Cartão;1/18/2022;0.1;02/11/2022;2
3647;Short;Seção Feminina;44.22;40;À vista - Dinheiro;1/18/2022;0.1;1/18/2022;2
3648;Tênis;Seção Masculina;26.56;20;À prazo - Cartão;1/18/2022;0.1;1/19/2022;2
3649;Vestido;Seção Masculina;38.93;28;À Vista - Cartão;1/19/2022;0.15;1/29/2022;3
3650;Tênis;Seção Feminina;38.96;18;À prazo - Cartão;1/19/2022;0.15;1/28/2022;3
3651;Vestido;Seção Feminina;26.190;35;À Vista - Cartão;1/20/2022;0.1;1/30/2022;3
3652;Sapato;Seção Feminina;26.280;49;À vista - Cartão;1/20/2022;0.15;1/31/2022;2
3653;Vestido;Seção Masculina;21.34;11;À vista - Dinheiro;1/20/2022;0.1;1/20/2022;2
3654;Tênis;Seção Feminina;26.145;18;À prazo - Cartão;1/20/2022;0.1;1/29/2022;2
3655;Vestido;Seção Feminina;35.22;6;À vista - Cartão;1/22/2022;0.15;2/17/2022;2
3656;Short;Seção Feminina;35.21;37;À prazo - Cartão;1/22/2022;0.15;1/27/2022;3
3657;Tênis;Seção Feminina;12.14;23;À Vista - Cartão;1/23/2022;0.15;2/22/2022;3
3658;Vestido;Seção Masculina;21.92;30;À vista - Dinheiro;1/23/2022;0.15;1/23/2022;3
3659;Sapato;Seção Masculina;21.02;25;À vista - Cartão;1/24/2022;0.1;2/22/2022;2
3660;Short;Seção Feminina;26.57;29;À prazo - Cartão;1/25/2022;0.1;02/02/2022;3
3661;Vestido;Seção Feminina;38.93;46;À prazo - Cartão;1/26/2022;0.15;2/13/2022;2
3662;Sapato;Seção Feminina;21.02;13;À Vista - Cartão;1/26/2022;0.05;1/28/2022;3
3663;Vestido;Seção Feminina;21.04;26;À prazo - Cartão;1/28/2022;0.1;2/17/2022;3
3664;Vestido;Seção Feminina;26.370;10;À Vista - Cartão;1/29/2022;0.1;02/06/2022;2
3665;Tênis;Seção Feminina;12.16;7;À prazo - Cartão;1/31/2022;0.1;2/24/2022;2
3666;Short;Seção Feminina;44.24;50;À Vista - Cartão;1/31/2022;0.1;2/13/2022;2
3667;Tênis;Seção Masculina;26.100;25;À prazo - Cartão;02/02/2022;0.1;2/20/2022;2
3668;Short;Seção Feminina;21.50;17;À vista - Dinheiro;02/03/2022;0.15;02/03/2022;2
3669;Tênis;Seção Masculina;26.10;25;À Vista - Cartão;02/04/2022;0.1;2/21/2022;2
3670;Vestido;Seção Feminina;26.325;13;À Vista - Cartão;02/05/2022;0.15;2/18/2022;2
3671;Vestido;Seção Feminina;21.03;8;À vista - Dinheiro;02/06/2022;0.15;02/06/2022;3
3672;Tênis;Seção Feminina;21.34;14;À vista - Cartão;02/06/2022;0.1;03/02/2022;3
3673;Tênis;Seção Masculina;35.21;14;À Vista - Cartão;02/07/2022;0.1;2/23/2022;3
3674;Sapato;Seção Feminina;21.00;1;À vista - Dinheiro;02/07/2022;0.15;02/07/2022;2
3675;Vestido;Seção Masculina;21.78;18;À vista - Cartão;02/07/2022;0.1;2/19/2022;2
3676;Vestido;Seção Feminina;21.04;1;À prazo - Cartão;02/08/2022;0.15;2/20/2022;2
3677;Vestido;Seção Feminina;12.16;10;À vista - Dinheiro;02/08/2022;0.1;02/08/2022;2
3678;Vestido;Seção Feminina;26.55;19;À vista - Cartão;02/08/2022;0.15;2/15/2022;2
3679;Vestido;Seção Feminina;21.22;12;À prazo - Cartão;02/09/2022;0.1;03/09/2022;3
3680;Vestido;Seção Feminina;26.57;24;À vista - Cartão;02/09/2022;0.1;2/13/2022;2
3681;Vestido;Seção Feminina;26.415;44;À Vista - Cartão;02/09/2022;0.1;2/27/2022;2
3682;Vestido;Seção Masculina;21.78;28;À vista - Cartão;02/10/2022;0.1;2/20/2022;3
3683;Tênis;Seção Feminina;35.18;5;À vista - Dinheiro;02/10/2022;0.1;02/10/2022;3
3684;Short;Seção Feminina;44.23;10;À Vista - Cartão;02/12/2022;0.1;2/26/2022;3
3685;Tênis;Seção Masculina;26.100;9;À Vista - Cartão;02/12/2022;0.15;2/14/2022;2
3686;Sapato;Seção Feminina;21.03;5;À vista - Dinheiro;02/12/2022;0.1;02/12/2022;2
3687;Tênis;Seção Masculina;35.21;10;À Vista - Cartão;2/14/2022;0.1;03/08/2022;2
3688;Vestido;Seção Feminina;44.25;11;À vista - Dinheiro;2/15/2022;0.15;2/15/2022;3
3689;Short;Seção Feminina;21.22;39;À vista - Cartão;2/16/2022;0.1;3/17/2022;3
3690;Vestido;Seção Feminina;26.370;23;À prazo - Cartão;2/17/2022;0.15;3/17/2022;2
3691;Casaco;Seção Feminina;44.22;29;À vista - Cartão;2/18/2022;0.15;2/23/2022;2
3692;Sapato;Seção Feminina;21.78;11;À prazo - Cartão;2/18/2022;0.05;3/17/2022;2
3693;Sapato;Seção Feminina;26.415;33;À Vista - Cartão;2/19/2022;0.1;3/19/2022;2
3694;Vestido;Seção Feminina;21.78;23;À prazo - Cartão;2/21/2022;0.05;3/22/2022;3
3695;Sapato;Seção Feminina;26.325;23;À prazo - Cartão;2/22/2022;0.1;3/22/2022;2
3696;Short;Seção Feminina;21.92;22;À prazo - Cartão;2/23/2022;0.1;3/17/2022;2
3697;Tênis;Seção Feminina;35.18;45;À Vista - Cartão;2/23/2022;0.1;3/25/2022;3
3698;Sapato;Seção Feminina;38.96;12;À Vista - Cartão;2/24/2022;0.15;3/15/2022;2
3699;Vestido;Seção Masculina;21.36;37;À prazo - Cartão;2/25/2022;0.1;3/27/2022;3
3700;Tênis;Seção Feminina;26.55;27;À prazo - Cartão;2/25/2022;0.15;3/27/2022;3
3701;Short;Seção Feminina;26.10;35;À prazo - Cartão;2/25/2022;0.1;2/27/2022;3
3702;Tênis;Seção Feminina;38.93;28;À vista - Dinheiro;2/25/2022;0.15;2/25/2022;3
3703;Tênis;Seção Masculina;12.16;35;À Vista - Cartão;2/26/2022;0.15;03/11/2022;2
3704;Vestido;Seção Feminina;35.20;45;À prazo - Cartão;2/26/2022;0.1;03/01/2022;3
3705;Tênis;Seção Feminina;35.19;38;À vista - Cartão;2/26/2022;0.15;03/07/2022;3
3706;Sapato;Seção Feminina;21.92;41;À vista - Dinheiro;2/27/2022;0.15;2/27/2022;3
3707;Short;Seção Feminina;38.96;32;À vista - Dinheiro;2/28/2022;0.1;2/28/2022;2
3708;Sapato;Seção Feminina;26.370;11;À vista - Dinheiro;2/28/2022;0.1;2/28/2022;3
3709;Short;Seção Masculina;21.50;2;À prazo - Cartão;03/01/2022;0.1;3/23/2022;2
3710;Sapato;Seção Masculina;26.280;14;À prazo - Cartão;03/01/2022;0.15;3/17/2022;3
3711;Short;Seção Masculina;26.55;35;À vista - Cartão;03/02/2022;0.15;3/26/2022;2
3712;Vestido;Seção Feminina;21.92;11;À prazo - Cartão;03/02/2022;0.1;3/24/2022;2
3713;Tênis;Seção Feminina;44.23;16;À vista - Dinheiro;03/04/2022;0.15;03/04/2022;2
3714;Short;Seção Masculina;12.14;46;À Vista - Cartão;03/04/2022;0.1;3/23/2022;2
3715;Vestido;Seção Masculina;26.10;14;À vista - Cartão;03/05/2022;0.1;3/23/2022;2
3716;Tênis;Seção Masculina;38.96;33;À vista - Dinheiro;03/05/2022;0.1;03/05/2022;3
3717;Tênis;Seção Feminina;38.96;48;À prazo - Cartão;03/07/2022;0.1;03/08/2022;3
3718;Tênis;Seção Masculina;12.15;24;À vista - Dinheiro;03/08/2022;0.1;03/08/2022;3
3719;Sapato;Seção Masculina;44.25;43;À prazo - Cartão;03/09/2022;0.1;3/22/2022;3
3720;Sapato;Seção Masculina;26.10;43;À vista - Dinheiro;03/09/2022;0.1;03/09/2022;2
3721;Vestido;Seção Feminina;21.6;30;À vista - Dinheiro;03/10/2022;0.1;03/10/2022;3
3722;Sapato;Seção Feminina;21.8;42;À vista - Dinheiro;03/10/2022;0.05;03/10/2022;3
3723;Vestido;Seção Feminina;26.100;44;À Vista - Cartão;3/14/2022;0.1;4/13/2022;2
3724;Short;Seção Feminina;38.97;2;À Vista - Cartão;3/17/2022;0.15;3/31/2022;3
3725;Vestido;Seção Feminina;44.24;11;À vista - Cartão;3/18/2022;0.1;04/12/2022;3
3726;Tênis;Seção Feminina;26.280;38;À vista - Dinheiro;3/18/2022;0.1;3/18/2022;3
3727;Short;Seção Feminina;21.8;22;À prazo - Cartão;3/19/2022;0.1;04/03/2022;2
3728;Vestido;Seção Feminina;35.18;5;À Vista - Cartão;3/20/2022;0.05;3/28/2022;2
3729;Short;Seção Feminina;26.59;38;À vista - Dinheiro;3/20/2022;0.1;3/20/2022;2
3730;Short;Seção Feminina;21.36;26;À vista - Cartão;3/23/2022;0.1;3/31/2022;3
3731;Sapato;Seção Masculina;21.6;45;À vista - Dinheiro;3/23/2022;0.15;3/23/2022;2
3732;Vestido;Seção Feminina;26.280;45;À prazo - Cartão;3/24/2022;0.15;4/16/2022;2
3733;Vestido;Seção Feminina;26.55;43;À prazo - Cartão;3/25/2022;0.1;04/09/2022;3
3734;Short;Seção Feminina;21.04;37;À Vista - Cartão;3/25/2022;0.15;04/08/2022;3
3735;Vestido;Seção Feminina;44.21;17;À vista - Cartão;3/27/2022;0.05;4/22/2022;3
3736;Short;Seção Masculina;26.325;6;À prazo - Cartão;3/27/2022;0.1;3/29/2022;2
3737;Short;Seção Feminina;26.56;30;À vista - Dinheiro;3/28/2022;0.1;3/28/2022;2
3738;Tênis;Seção Feminina;21.01;2;À Vista - Cartão;3/28/2022;0.1;04/08/2022;2
3739;Sapato;Seção Feminina;26.58;35;À prazo - Cartão;3/30/2022;0.1;3/31/2022;2
3740;Short;Seção Feminina;35.22;14;À vista - Dinheiro;3/30/2022;0.1;3/30/2022;2
3741;Vestido;Seção Feminina;35.18;20;À vista - Cartão;3/31/2022;0.1;4/30/2022;3
3742;Sapato;Seção Feminina;21.92;34;À Vista - Cartão;04/01/2022;0.15;04/12/2022;3
3743;Short;Seção Feminina;21.02;16;À vista - Dinheiro;04/01/2022;0.15;04/01/2022;2
3744;Sapato;Seção Feminina;21.50;15;À vista - Dinheiro;04/02/2022;0.1;04/02/2022;3
3745;Sapato;Seção Feminina;38.93;31;À vista - Dinheiro;04/03/2022;0.15;04/03/2022;2
3746;Vestido;Seção Masculina;21.03;10;À prazo - Cartão;04/03/2022;0.1;04/05/2022;3
3747;Tênis;Seção Masculina;38.97;6;À prazo - Cartão;04/03/2022;0.15;4/21/2022;3
3748;Sapato;Seção Feminina;35.22;42;À prazo - Cartão;04/04/2022;0.1;04/06/2022;2
3749;Casaco;Seção Feminina;12.16;13;À vista - Dinheiro;04/04/2022;0.15;04/04/2022;3
3750;Short;Seção Masculina;21.01;41;À prazo - Cartão;04/04/2022;0.1;4/15/2022;3
3751;Vestido;Seção Feminina;21.20;38;À vista - Dinheiro;04/05/2022;0.1;04/05/2022;3
3752;Short;Seção Feminina;44.23;36;À vista - Cartão;04/05/2022;0.05;04/11/2022;2
3753;Tênis;Seção Feminina;21.20;35;À prazo - Cartão;04/07/2022;0.1;4/16/2022;3
3754;Sapato;Seção Feminina;26.145;36;À prazo - Cartão;04/07/2022;0.1;4/18/2022;2
3755;Short;Seção Feminina;12.15;18;À Vista - Cartão;04/07/2022;0.1;05/04/2022;2
3756;Calça;Seção Masculina;38.95;36;À vista - Cartão;04/08/2022;0.15;4/18/2022;3
3757;Vestido;Seção Feminina;35.21;21;À vista - Cartão;04/08/2022;0.1;4/21/2022;2
3758;Tênis;Seção Feminina;38.95;38;À vista - Cartão;04/08/2022;0.15;4/28/2022;3
3759;Vestido;Seção Masculina;26.100;19;À prazo - Cartão;04/08/2022;0.1;4/19/2022;3
3760;Vestido;Seção Feminina;26.56;5;À Vista - Cartão;04/09/2022;0.1;05/09/2022;2
3761;Vestido;Seção Masculina;38.97;35;À prazo - Cartão;04/09/2022;0.15;4/16/2022;2
3762;Short;Seção Feminina;21.8;38;À Vista - Cartão;04/09/2022;0.1;4/16/2022;2
3763;Tênis;Seção Feminina;35.18;2;À Vista - Cartão;04/09/2022;0.1;4/19/2022;2
3764;Tênis;Seção Masculina;26.370;41;À Vista - Cartão;04/10/2022;0.15;05/04/2022;2
3765;Vestido;Seção Feminina;12.13;42;À Vista - Cartão;04/10/2022;0.1;4/30/2022;3
3766;Short;Seção Feminina;26.100;38;À vista - Dinheiro;04/10/2022;0.1;04/10/2022;2
3767;Tênis;Seção Feminina;35.21;1;À prazo - Cartão;04/10/2022;0.1;4/28/2022;3
3768;Vestido;Seção Feminina;26.59;7;À prazo - Cartão;04/10/2022;0.1;05/05/2022;3
3769;Vestido;Seção Masculina;12.14;20;À vista - Cartão;04/10/2022;0.1;4/14/2022;2
3770;Short;Seção Feminina;35.19;18;À vista - Cartão;04/11/2022;0.1;4/15/2022;2
3771;Sapato;Seção Masculina;26.59;10;À vista - Dinheiro;04/11/2022;0.15;04/11/2022;3
3772;Sapato;Seção Feminina;21.78;39;À prazo - Cartão;04/12/2022;0.1;05/04/2022;2
3773;Short;Seção Feminina;44.24;48;À Vista - Cartão;4/15/2022;0.15;4/17/2022;3
3774;Short;Seção Feminina;38.94;11;À prazo - Cartão;4/15/2022;0.15;5/15/2022;3
3775;Sapato;Seção Feminina;26.55;44;À vista - Cartão;4/16/2022;0.15;5/14/2022;2
3776;Vestido;Seção Feminina;21.92;43;À prazo - Cartão;4/17/2022;0.1;5/14/2022;3
3777;Short;Seção Feminina;35.20;43;À prazo - Cartão;4/19/2022;0.1;05/02/2022;2
3778;Short;Seção Feminina;38.93;13;À vista - Cartão;4/20/2022;0.1;05/06/2022;3
3779;Vestido;Seção Feminina;21.00;13;À prazo - Cartão;4/20/2022;0.1;05/07/2022;3
3780;Vestido;Seção Feminina;44.22;45;À vista - Cartão;4/20/2022;0.15;05/06/2022;2
3781;Vestido;Seção Masculina;44.22;41;À Vista - Cartão;4/21/2022;0.15;05/12/2022;2
3782;Sapato;Seção Feminina;21.78;26;À vista - Dinheiro;4/21/2022;0.1;4/21/2022;3
3783;Short;Seção Feminina;26.145;20;À Vista - Cartão;4/22/2022;0.1;4/27/2022;3
3784;Short;Seção Feminina;21.64;4;À prazo - Cartão;4/22/2022;0.15;4/23/2022;2
3785;Tênis;Seção Feminina;44.22;27;À vista - Cartão;4/24/2022;0.15;5/14/2022;3
3786;Sapato;Seção Masculina;21.92;36;À prazo - Cartão;4/24/2022;0.1;5/16/2022;3
3787;Short;Seção Feminina;26.10;36;À prazo - Cartão;4/26/2022;0.1;5/20/2022;2
3788;Vestido;Seção Masculina;35.18;24;À Vista - Cartão;4/26/2022;0.1;5/24/2022;2
3789;Vestido;Seção Feminina;26.370;40;À prazo - Cartão;4/27/2022;0.15;4/29/2022;2
3790;Vestido;Seção Feminina;35.22;39;À vista - Cartão;4/28/2022;0.1;05/09/2022;2
3791;Short;Seção Masculina;35.22;40;À vista - Dinheiro;4/28/2022;0.1;4/28/2022;2
3792;Tênis;Seção Feminina;26.55;25;À vista - Cartão;4/29/2022;0.1;5/20/2022;2
3793;Short;Seção Feminina;38.93;2;À vista - Cartão;4/30/2022;0.15;05/09/2022;3
3794;Tênis;Seção Feminina;35.22;28;À vista - Cartão;4/30/2022;0.15;5/14/2022;2
3795;Sapato;Seção Feminina;12.15;43;À prazo - Cartão;05/01/2022;0.1;05/06/2022;2
3796;Tênis;Seção Feminina;26.55;11;À Vista - Cartão;05/01/2022;0.1;5/23/2022;3
3797;Short;Seção Feminina;26.145;37;À Vista - Cartão;05/01/2022;0.1;05/04/2022;2
3798;Vestido;Seção Feminina;35.19;4;À vista - Cartão;05/02/2022;0.15;5/29/2022;3
3799;Short;Seção Feminina;26.56;20;À Vista - Cartão;05/03/2022;0.15;5/22/2022;2
3800;Sapato;Seção Feminina;21.34;7;À Vista - Cartão;05/03/2022;0.1;5/31/2022;3
3801;Short;Seção Feminina;21.03;12;À vista - Dinheiro;05/03/2022;0.1;05/03/2022;2
3802;Tênis;Seção Feminina;21.22;31;À prazo - Cartão;05/04/2022;0.1;5/18/2022;3
3803;Short;Seção Masculina;12.14;6;À prazo - Cartão;05/04/2022;0.15;5/15/2022;2
3804;Short;Seção Feminina;38.94;40;À prazo - Cartão;05/05/2022;0.1;05/11/2022;2
3805;Sapato;Seção Feminina;21.20;40;À prazo - Cartão;05/06/2022;0.1;5/17/2022;3
3806;Vestido;Seção Masculina;21.92;44;À prazo - Cartão;05/07/2022;0.15;5/27/2022;2
3807;Short;Seção Feminina;26.370;1;À prazo - Cartão;05/07/2022;0.1;5/23/2022;3
3808;Vestido;Seção Masculina;26.100;42;À vista - Dinheiro;05/09/2022;0.1;05/09/2022;3
3809;Vestido;Seção Masculina;21.36;34;À vista - Dinheiro;05/09/2022;0.1;05/09/2022;3
3810;Short;Seção Feminina;21.03;1;À prazo - Cartão;05/10/2022;0.15;5/15/2022;3
3811;Short;Seção Feminina;21.04;17;À prazo - Cartão;05/10/2022;0.1;5/24/2022;3
3812;Vestido;Seção Feminina;21.92;25;À vista - Dinheiro;05/11/2022;0.1;05/11/2022;3
3813;Short;Seção Feminina;35.18;12;À Vista - Cartão;05/11/2022;0.05;06/08/2022;3
3814;Tênis;Seção Feminina;26.57;49;À Vista - Cartão;05/11/2022;0.15;5/16/2022;2
3815;Sapato;Seção Feminina;26.58;12;À prazo - Cartão;05/12/2022;0.1;5/22/2022;3
3816;Short;Seção Feminina;21.50;15;À Vista - Cartão;05/12/2022;0.15;5/21/2022;3
3817;Tênis;Seção Feminina;35.19;24;À Vista - Cartão;5/13/2022;0.1;5/17/2022;2
3818;Short;Seção Feminina;38.97;29;À prazo - Cartão;5/15/2022;0.1;5/23/2022;3
3819;Short;Seção Masculina;38.97;38;À Vista - Cartão;5/16/2022;0.15;06/07/2022;3
3820;Vestido;Seção Feminina;44.24;42;À vista - Cartão;5/16/2022;0.15;06/01/2022;2
3821;Vestido;Seção Masculina;44.25;24;À vista - Dinheiro;5/16/2022;0.1;5/16/2022;2
3822;Vestido;Seção Feminina;21.03;30;À vista - Dinheiro;5/16/2022;0.1;5/16/2022;2
3823;Tênis;Seção Feminina;21.36;45;À prazo - Cartão;5/17/2022;0.1;06/02/2022;2
3824;Casaco;Seção Feminina;35.21;10;À prazo - Cartão;5/19/2022;0.1;5/29/2022;2
3825;Vestido;Seção Feminina;38.96;13;À prazo - Cartão;5/21/2022;0.1;6/19/2022;2
3826;Vestido;Seção Feminina;21.00;18;À Vista - Cartão;5/22/2022;0.05;5/30/2022;3
3827;Short;Seção Feminina;21.92;47;À vista - Cartão;5/22/2022;0.1;6/18/2022;2
3828;Vestido;Seção Feminina;21.78;39;À prazo - Cartão;5/22/2022;0.15;6/18/2022;3
3829;Tênis;Seção Feminina;21.34;9;À prazo - Cartão;5/23/2022;0.1;6/20/2022;2
3830;Vestido;Seção Feminina;21.22;24;À prazo - Cartão;5/23/2022;0.1;5/29/2022;3
3831;Vestido;Seção Masculina;12.16;22;À prazo - Cartão;5/23/2022;0.15;6/15/2022;2
3832;Vestido;Seção Masculina;21.36;47;À prazo - Cartão;5/23/2022;0.1;6/17/2022;3
3833;Short;Seção Feminina;12.15;45;À prazo - Cartão;5/24/2022;0.15;6/13/2022;2
3834;Short;Seção Feminina;35.20;2;À Vista - Cartão;5/24/2022;0.05;06/05/2022;3
3835;Sapato;Seção Feminina;21.00;32;À prazo - Cartão;5/25/2022;0.1;5/31/2022;2
3836;Tênis;Seção Feminina;21.00;16;À vista - Cartão;5/25/2022;0.1;6/20/2022;2
3837;Sapato;Seção Feminina;44.23;8;À vista - Dinheiro;5/26/2022;0.15;5/26/2022;2
3838;Sapato;Seção Masculina;21.50;35;À prazo - Cartão;5/26/2022;0.1;6/19/2022;2
3839;Vestido;Seção Feminina;21.6;21;À prazo - Cartão;5/26/2022;0.1;6/20/2022;2
3840;Tênis;Seção Masculina;21.03;32;À vista - Dinheiro;5/27/2022;0.1;5/27/2022;3
3841;Vestido;Seção Feminina;26.280;23;À vista - Dinheiro;5/28/2022;0.1;5/28/2022;3
3842;Sapato;Seção Masculina;21.01;22;À Vista - Cartão;5/28/2022;0.1;6/14/2022;3
3843;Vestido;Seção Feminina;38.93;31;À Vista - Cartão;5/28/2022;0.15;06/01/2022;3
3844;Casaco;Seção Feminina;44.21;8;À vista - Cartão;5/29/2022;0.15;6/20/2022;2
3845;Vestido;Seção Feminina;26.57;34;À prazo - Cartão;5/29/2022;0.1;6/21/2022;2
3846;Short;Seção Feminina;21.22;44;À prazo - Cartão;5/30/2022;0.1;06/04/2022;2
3847;Short;Seção Masculina;38.97;4;À vista - Cartão;5/30/2022;0.15;06/11/2022;3
3848;Vestido;Seção Feminina;21.04;17;À vista - Dinheiro;5/31/2022;0.1;5/31/2022;3
3849;Tênis;Seção Masculina;38.97;15;À prazo - Cartão;5/31/2022;0.1;06/04/2022;3
3850;Sapato;Seção Feminina;26.145;23;À Vista - Cartão;06/01/2022;0.1;6/26/2022;2
3851;Vestido;Seção Masculina;44.22;5;À Vista - Cartão;06/01/2022;0.1;06/11/2022;2
3852;Vestido;Seção Feminina;21.36;32;À vista - Cartão;06/01/2022;0.1;6/22/2022;3
3853;Sapato;Seção Masculina;26.325;9;À prazo - Cartão;06/01/2022;0.1;6/18/2022;3
3854;Vestido;Seção Feminina;21.03;22;À vista - Dinheiro;06/02/2022;0.1;06/02/2022;2
3855;Vestido;Seção Feminina;21.04;2;À vista - Dinheiro;06/02/2022;0.1;06/02/2022;3
3856;Tênis;Seção Feminina;38.95;16;À prazo - Cartão;06/03/2022;0.15;06/12/2022;2
3857;Vestido;Seção Feminina;35.20;47;À vista - Cartão;06/04/2022;0.15;6/15/2022;3
3858;Vestido;Seção Feminina;21.01;17;À prazo - Cartão;06/04/2022;0.15;6/15/2022;2
3859;Vestido;Seção Masculina;21.8;3;À prazo - Cartão;06/06/2022;0.1;6/26/2022;3
3860;Tênis;Seção Feminina;26.280;33;À Vista - Cartão;06/06/2022;0.15;06/08/2022;3
3861;Short;Seção Masculina;21.22;30;À Vista - Cartão;06/06/2022;0.1;6/16/2022;3
3862;Casaco;Seção Feminina;26.280;44;À vista - Dinheiro;06/08/2022;0.1;06/08/2022;3
3863;Short;Seção Feminina;38.94;39;À Vista - Cartão;06/08/2022;0.1;6/20/2022;3
3864;Sapato;Seção Feminina;35.22;50;À prazo - Cartão;06/08/2022;0.1;07/06/2022;2
3865;Short;Seção Feminina;21.64;43;À vista - Dinheiro;06/09/2022;0.1;06/09/2022;2
3866;Vestido;Seção Feminina;26.56;13;À vista - Dinheiro;06/09/2022;0.1;06/09/2022;3
3867;Vestido;Seção Feminina;21.78;40;À vista - Dinheiro;06/10/2022;0.15;06/10/2022;2
3868;Short;Seção Masculina;21.04;7;À vista - Cartão;06/10/2022;0.1;07/08/2022;3
3869;Short;Seção Feminina;44.25;12;À Vista - Cartão;06/11/2022;0.1;07/10/2022;2
3870;Vestido;Seção Masculina;21.6;5;À vista - Dinheiro;06/11/2022;0.15;06/11/2022;2
3871;Vestido;Seção Feminina;26.370;23;À vista - Dinheiro;06/11/2022;0.1;06/11/2022;2
3872;Vestido;Seção Masculina;21.92;41;À Vista - Cartão;06/11/2022;0.1;6/28/2022;3
3873;Tênis;Seção Feminina;26.415;17;À Vista - Cartão;6/13/2022;0.15;6/24/2022;2
3874;Short;Seção Feminina;38.93;1;À vista - Cartão;6/13/2022;0.15;6/14/2022;3
3875;Tênis;Seção Masculina;26.59;2;À Vista - Cartão;6/13/2022;0.1;6/15/2022;3
3876;Tênis;Seção Masculina;21.92;28;À vista - Cartão;6/15/2022;0.15;7/15/2022;2
3877;Sapato;Seção Masculina;38.96;45;À prazo - Cartão;6/16/2022;0.1;07/02/2022;3
3878;Tênis;Seção Masculina;21.64;23;À prazo - Cartão;6/17/2022;0.1;6/20/2022;2
3879;Sapato;Seção Feminina;35.22;6;À vista - Dinheiro;6/18/2022;0.1;6/18/2022;2
3880;Tênis;Seção Feminina;44.21;46;À Vista - Cartão;6/19/2022;0.1;6/20/2022;3
3881;Short;Seção Masculina;35.21;46;À prazo - Cartão;6/19/2022;0.1;6/28/2022;2
3882;Short;Seção Masculina;21.92;8;À Vista - Cartão;6/20/2022;0.1;7/17/2022;3
3883;Tênis;Seção Feminina;44.21;1;À prazo - Cartão;6/20/2022;0.1;07/12/2022;2
3884;Vestido;Seção Feminina;35.21;27;À prazo - Cartão;6/21/2022;0.1;07/09/2022;3
3885;Vestido;Seção Masculina;44.21;31;À vista - Cartão;6/22/2022;0.1;07/10/2022;2
3886;Sapato;Seção Feminina;35.19;14;À vista - Dinheiro;6/23/2022;0.1;6/23/2022;2
3887;Tênis;Seção Feminina;12.16;26;À Vista - Cartão;6/24/2022;0.1;7/15/2022;3
3888;Sapato;Seção Feminina;38.97;13;À vista - Dinheiro;6/24/2022;0.1;6/24/2022;3
3889;Short;Seção Feminina;26.370;2;À prazo - Cartão;6/25/2022;0.15;6/29/2022;2
3890;Tênis;Seção Masculina;21.8;37;À prazo - Cartão;6/26/2022;0.1;7/18/2022;3
3891;Vestido;Seção Feminina;26.415;48;À prazo - Cartão;6/26/2022;0.1;7/26/2022;2
3892;Tênis;Seção Feminina;38.93;19;À prazo - Cartão;6/27/2022;0.1;7/19/2022;2
3893;Sapato;Seção Feminina;26.280;20;À vista - Dinheiro;6/28/2022;0.1;6/28/2022;2
3894;Short;Seção Feminina;21.34;33;À vista - Cartão;6/29/2022;0.1;7/14/2022;2
3895;Short;Seção Masculina;12.15;7;À vista - Dinheiro;6/29/2022;0.1;6/29/2022;2
3896;Vestido;Seção Feminina;26.100;15;À vista - Cartão;6/29/2022;0.15;7/22/2022;3
3897;Sapato;Seção Feminina;21.00;47;À prazo - Cartão;6/29/2022;0.1;7/22/2022;3
3898;Tênis;Seção Feminina;21.64;30;À Vista - Cartão;6/30/2022;0.1;07/09/2022;3
3899;Vestido;Seção Feminina;21.34;31;À Vista - Cartão;07/02/2022;0.1;08/01/2022;3
3900;Tênis;Seção Feminina;44.23;50;À vista - Dinheiro;07/02/2022;0.15;07/02/2022;3
3901;Vestido;Seção Masculina;38.93;3;À vista - Cartão;07/02/2022;0.15;7/24/2022;2
3902;Tênis;Seção Masculina;21.50;14;À prazo - Cartão;07/03/2022;0.1;7/17/2022;3
3903;Tênis;Seção Feminina;35.22;60;À prazo - Cartão;07/04/2022;0.1;07/12/2022;2
3904;Tênis;Seção Feminina;12.14;40;À Vista - Cartão;07/04/2022;0.15;7/21/2022;2
3905;Short;Seção Masculina;21.64;26;À vista - Cartão;07/04/2022;0.15;7/28/2022;3
3906;Tênis;Seção Feminina;26.280;23;À Vista - Cartão;07/04/2022;0.15;07/06/2022;2
3907;Short;Seção Feminina;21.00;25;À Vista - Cartão;07/05/2022;0.15;07/12/2022;2
3908;Short;Seção Masculina;35.22;36;À prazo - Cartão;07/06/2022;0.1;08/03/2022;3
3909;Sapato;Seção Masculina;26.10;41;À Vista - Cartão;07/10/2022;0.1;7/30/2022;3
3910;Tênis;Seção Feminina;26.190;4;À vista - Cartão;07/10/2022;0.1;7/29/2022;2
3911;Sapato;Seção Feminina;26.190;43;À Vista - Cartão;07/10/2022;0.1;7/20/2022;3
3912;Vestido;Seção Feminina;35.19;13;À prazo - Cartão;07/11/2022;0.15;08/03/2022;3
3913;Tênis;Seção Feminina;26.56;36;À Vista - Cartão;07/11/2022;0.15;7/29/2022;2
3914;Short;Seção Feminina;21.00;33;À vista - Dinheiro;07/12/2022;0.15;07/12/2022;3
3915;Short;Seção Feminina;21.8;11;À prazo - Cartão;07/12/2022;0.15;08/06/2022;3
3916;Short;Seção Feminina;21.04;25;À prazo - Cartão;07/12/2022;0.1;08/04/2022;3
3917;Vestido;Seção Feminina;38.93;5;À vista - Cartão;07/12/2022;0.1;7/17/2022;3
3918;Tênis;Seção Feminina;12.14;29;À vista - Cartão;7/13/2022;0.15;7/23/2022;3
3919;Sapato;Seção Masculina;26.235;22;À prazo - Cartão;7/13/2022;0.15;08/07/2022;2
3920;Short;Seção Feminina;26.56;43;À vista - Cartão;7/13/2022;0.15;7/19/2022;2
3921;Sapato;Seção Feminina;26.235;45;À prazo - Cartão;7/14/2022;0.1;7/23/2022;3
3922;Short;Seção Feminina;26.280;39;À vista - Cartão;7/15/2022;0.1;7/24/2022;2
3923;Tênis;Seção Feminina;26.145;34;À prazo - Cartão;7/15/2022;0.1;08/06/2022;2
3924;Tênis;Seção Feminina;12.16;9;À prazo - Cartão;7/15/2022;0.1;08/08/2022;3
3925;Short;Seção Feminina;26.10;11;À prazo - Cartão;7/16/2022;0.1;7/31/2022;3
3926;Sapato;Seção Masculina;38.95;24;À vista - Dinheiro;7/16/2022;0.15;7/16/2022;3
3927;Short;Seção Masculina;21.36;18;À vista - Dinheiro;7/16/2022;0.1;7/16/2022;3
3928;Sapato;Seção Feminina;38.97;7;À vista - Cartão;7/17/2022;0.1;08/08/2022;2
3929;Vestido;Seção Feminina;35.20;36;À vista - Cartão;7/18/2022;0.1;8/16/2022;3
3930;Vestido;Seção Feminina;21.22;37;À prazo - Cartão;7/18/2022;0.05;7/22/2022;3
3931;Vestido;Seção Masculina;12.15;24;À vista - Dinheiro;7/19/2022;0.15;7/19/2022;2
3932;Short;Seção Feminina;12.13;35;À prazo - Cartão;7/20/2022;0.1;7/26/2022;3
3933;Tênis;Seção Feminina;44.21;22;À vista - Cartão;7/20/2022;0.1;7/31/2022;3
3934;Tênis;Seção Feminina;26.59;14;À prazo - Cartão;7/21/2022;0.1;08/12/2022;2
3935;Tênis;Seção Feminina;26.58;7;À prazo - Cartão;7/22/2022;0.1;08/10/2022;3
3936;Vestido;Seção Feminina;26.100;17;À vista - Dinheiro;7/22/2022;0.1;7/22/2022;3
3937;Vestido;Seção Feminina;26.280;17;À prazo - Cartão;7/23/2022;0.15;8/21/2022;2
3938;Sapato;Seção Feminina;26.190;47;À vista - Dinheiro;7/23/2022;0.1;7/23/2022;3
3939;Sapato;Seção Feminina;26.415;11;À prazo - Cartão;7/23/2022;0.1;08/09/2022;3
3940;Tênis;Seção Feminina;26.415;5;À prazo - Cartão;7/24/2022;0.15;8/19/2022;3
3941;Sapato;Seção Feminina;21.04;50;À vista - Dinheiro;7/24/2022;0.1;7/24/2022;2
3942;Tênis;Seção Feminina;44.23;30;À prazo - Cartão;7/24/2022;0.1;8/19/2022;2
3943;Vestido;Seção Feminina;26.56;50;À Vista - Cartão;7/25/2022;0.15;8/21/2022;3
3944;Sapato;Seção Feminina;21.03;19;À Vista - Cartão;7/25/2022;0.1;08/04/2022;2
3945;Short;Seção Feminina;21.03;37;À prazo - Cartão;7/25/2022;0.1;08/05/2022;2
3946;Vestido;Seção Feminina;26.57;25;À prazo - Cartão;7/26/2022;0.1;7/27/2022;2
3947;Short;Seção Feminina;21.02;16;À vista - Dinheiro;7/27/2022;0.15;7/27/2022;2
3948;Short;Seção Masculina;26.190;12;À prazo - Cartão;7/27/2022;0.1;08/04/2022;2
3949;Short;Seção Masculina;35.19;38;À Vista - Cartão;7/28/2022;0.1;8/16/2022;2
3950;Sapato;Seção Feminina;38.97;6;À Vista - Cartão;7/28/2022;0.15;7/29/2022;3
3951;Tênis;Seção Feminina;26.145;46;À prazo - Cartão;7/28/2022;0.1;08/03/2022;2
3952;Sapato;Seção Feminina;21.22;10;À vista - Cartão;7/29/2022;0.1;8/13/2022;3
3953;Vestido;Seção Masculina;44.24;28;À vista - Dinheiro;7/31/2022;0.15;7/31/2022;3
3954;Sapato;Seção Feminina;21.04;31;À vista - Cartão;7/31/2022;0.1;8/21/2022;3
3955;Sapato;Seção Masculina;21.02;36;À vista - Cartão;08/01/2022;0.15;8/25/2022;2
3956;Vestido;Seção Feminina;26.280;18;À prazo - Cartão;08/01/2022;0.15;8/19/2022;3
3957;Short;Seção Feminina;21.20;8;À Vista - Cartão;08/02/2022;0.1;8/19/2022;2
3958;Tênis;Seção Feminina;21.36;2;À prazo - Cartão;08/02/2022;0.15;8/23/2022;2
3959;Short;Seção Feminina;21.00;5;À vista - Dinheiro;08/03/2022;0.15;08/03/2022;3
3960;Vestido;Seção Feminina;26.100;46;À vista - Dinheiro;08/04/2022;0.1;08/04/2022;2
3961;Tênis;Seção Feminina;12.13;8;À prazo - Cartão;08/04/2022;0.1;8/16/2022;3
3962;Short;Seção Masculina;26.100;44;À Vista - Cartão;08/04/2022;0.1;09/02/2022;3
3963;Vestido;Seção Masculina;21.20;16;À Vista - Cartão;08/05/2022;0.1;08/09/2022;3
3964;Short;Seção Feminina;12.16;10;À vista - Cartão;08/05/2022;0.15;08/06/2022;3
3965;Sapato;Seção Feminina;44.22;13;À Vista - Cartão;08/05/2022;0.1;8/21/2022;2
3966;Sapato;Seção Feminina;21.20;1;À vista - Cartão;08/06/2022;0.15;08/10/2022;3
3967;Vestido;Seção Feminina;26.235;16;À vista - Cartão;08/06/2022;0.1;8/23/2022;2
3968;Tênis;Seção Masculina;38.93;10;À vista - Cartão;08/06/2022;0.15;08/09/2022;2
3969;Vestido;Seção Feminina;26.55;49;À prazo - Cartão;08/06/2022;0.1;8/29/2022;3
3970;Tênis;Seção Feminina;38.95;38;À prazo - Cartão;08/07/2022;0.1;8/29/2022;3
3971;Sapato;Seção Feminina;35.22;14;À vista - Cartão;08/07/2022;0.1;09/06/2022;2
3972;Vestido;Seção Feminina;35.19;48;À prazo - Cartão;08/07/2022;0.1;09/04/2022;3
3973;Short;Seção Feminina;12.13;29;À prazo - Cartão;08/08/2022;0.1;8/24/2022;2
3974;Vestido;Seção Feminina;26.415;27;À vista - Dinheiro;08/08/2022;0.15;08/08/2022;2
3975;Tênis;Seção Feminina;38.96;12;À vista - Dinheiro;08/09/2022;0.1;08/09/2022;2
3976;Sapato;Seção Masculina;12.13;43;À prazo - Cartão;08/09/2022;0.1;8/28/2022;3
3977;Tênis;Seção Masculina;21.02;28;À vista - Cartão;08/10/2022;0.1;09/02/2022;2
3978;Vestido;Seção Feminina;26.415;30;À vista - Dinheiro;08/11/2022;0.1;08/11/2022;2
3979;Short;Seção Feminina;26.145;40;À vista - Dinheiro;08/11/2022;0.15;08/11/2022;3
3980;Short;Seção Feminina;35.18;40;À vista - Dinheiro;08/11/2022;0.1;08/11/2022;3
3981;Vestido;Seção Feminina;26.235;12;À prazo - Cartão;08/11/2022;0.1;09/09/2022;3
3982;Sapato;Seção Feminina;38.97;17;À vista - Cartão;08/12/2022;0.1;09/02/2022;2
3983;Tênis;Seção Feminina;26.55;25;À vista - Dinheiro;8/13/2022;0.1;8/13/2022;3
3984;Vestido;Seção Feminina;21.50;14;À prazo - Cartão;8/14/2022;0.1;09/06/2022;2
3985;Short;Seção Feminina;26.59;24;À vista - Dinheiro;8/14/2022;0.15;8/14/2022;3
3986;Tênis;Seção Feminina;26.59;50;À prazo - Cartão;8/15/2022;0.1;09/08/2022;3
3987;Sapato;Seção Masculina;26.55;29;À prazo - Cartão;8/17/2022;0.1;8/21/2022;2
3988;Sapato;Seção Feminina;26.10;50;À prazo - Cartão;8/17/2022;0.1;09/10/2022;3
3989;Sapato;Seção Feminina;12.16;33;À prazo - Cartão;8/17/2022;0.1;8/29/2022;2
3990;Tênis;Seção Feminina;26.190;13;À prazo - Cartão;8/18/2022;0.1;8/31/2022;3
3991;Tênis;Seção Feminina;21.50;12;À Vista - Cartão;8/18/2022;0.1;09/02/2022;2
3992;Vestido;Seção Feminina;12.15;47;À prazo - Cartão;8/18/2022;0.05;9/15/2022;2
3993;Tênis;Seção Feminina;12.13;12;À vista - Dinheiro;8/21/2022;0.1;8/21/2022;2
3994;Vestido;Seção Feminina;21.03;25;À Vista - Cartão;8/21/2022;0.15;8/24/2022;3
3995;Vestido;Seção Masculina;26.415;28;À prazo - Cartão;8/21/2022;0.1;09/03/2022;2
3996;Tênis;Seção Masculina;21.34;49;À Vista - Cartão;8/22/2022;0.1;8/30/2022;2
3997;Tênis;Seção Feminina;35.22;29;À prazo - Cartão;8/22/2022;0.15;9/18/2022;2
3998;Short;Seção Feminina;12.14;45;À vista - Dinheiro;8/23/2022;0.1;8/23/2022;2
3999;Casaco;Seção Feminina;21.78;39;À prazo - Cartão;8/23/2022;0.1;9/14/2022;2
4000;Sapato;Seção Feminina;26.235;39;À Vista - Cartão;8/24/2022;0.1;9/18/2022;2
4001;Vestido;Seção Feminina;21.78;5;À prazo - Cartão;8/24/2022;0.1;9/16/2022;2
4002;Tênis;Seção Feminina;21.01;43;À prazo - Cartão;8/24/2022;0.15;9/15/2022;3
4003;Tênis;Seção Feminina;21.34;23;À Vista - Cartão;8/24/2022;0.1;9/22/2022;2
4004;Tênis;Seção Masculina;44.24;18;À vista - Dinheiro;8/25/2022;0.1;8/25/2022;2
4005;Tênis;Seção Feminina;35.19;42;À Vista - Cartão;8/25/2022;0.05;9/19/2022;3
4006;Tênis;Seção Feminina;44.21;22;À prazo - Cartão;8/26/2022;0.15;09/10/2022;3
4007;Tênis;Seção Feminina;21.03;3;À Vista - Cartão;8/26/2022;0.1;9/15/2022;2
4008;Sapato;Seção Feminina;21.04;46;À prazo - Cartão;8/26/2022;0.1;9/24/2022;3
4009;Short;Seção Feminina;44.24;19;À prazo - Cartão;8/27/2022;0.15;8/30/2022;2
4010;Short;Seção Feminina;44.24;1;À Vista - Cartão;8/27/2022;0.15;9/18/2022;3
4011;Sapato;Seção Feminina;21.6;18;À Vista - Cartão;8/28/2022;0.15;09/05/2022;2
4012;Tênis;Seção Feminina;21.64;48;À vista - Cartão;8/28/2022;0.15;9/18/2022;2
4013;Vestido;Seção Feminina;26.59;6;À vista - Cartão;8/29/2022;0.1;09/10/2022;2
4014;Vestido;Seção Feminina;12.16;48;À vista - Dinheiro;8/29/2022;0.1;8/29/2022;2
4015;Tênis;Seção Masculina;26.55;3;À prazo - Cartão;8/29/2022;0.1;8/30/2022;3
4016;Vestido;Seção Feminina;21.20;43;À prazo - Cartão;8/30/2022;0.1;09/07/2022;2
4017;Calça;Seção Feminina;12.15;7;À prazo - Cartão;8/30/2022;0.15;09/01/2022;3
4018;Sapato;Seção Feminina;35.19;11;À prazo - Cartão;8/31/2022;0.1;9/16/2022;3
4019;Vestido;Seção Feminina;21.02;32;À vista - Dinheiro;09/01/2022;0.1;09/01/2022;3
4020;Tênis;Seção Feminina;35.21;44;À prazo - Cartão;09/02/2022;0.05;10/01/2022;2
4021;Tênis;Seção Feminina;44.25;40;À prazo - Cartão;09/02/2022;0.1;9/24/2022;3
4022;Tênis;Seção Masculina;26.280;7;À Vista - Cartão;09/02/2022;0.1;09/06/2022;2
4023;Short;Seção Feminina;35.22;4;À prazo - Cartão;09/02/2022;0.15;09/12/2022;2
4024;Sapato;Seção Masculina;12.13;2;À vista - Cartão;09/03/2022;0.1;09/05/2022;2
4025;Sapato;Seção Feminina;26.59;11;À vista - Dinheiro;09/03/2022;0.05;09/03/2022;2
4026;Vestido;Seção Masculina;21.04;10;À prazo - Cartão;09/03/2022;0.05;09/06/2022;3
4027;Vestido;Seção Masculina;26.56;18;À Vista - Cartão;09/04/2022;0.15;09/09/2022;2
4028;Tênis;Seção Masculina;35.18;40;À prazo - Cartão;09/05/2022;0.15;09/08/2022;3
4029;Vestido;Seção Feminina;21.64;35;À prazo - Cartão;09/05/2022;0.1;09/12/2022;3
4030;Sapato;Seção Feminina;38.95;42;À prazo - Cartão;09/05/2022;0.1;09/08/2022;3
4031;Vestido;Seção Feminina;21.64;35;À prazo - Cartão;09/06/2022;0.15;9/19/2022;2
4032;Vestido;Seção Feminina;26.415;37;À Vista - Cartão;09/06/2022;0.1;10/02/2022;3
4033;Short;Seção Feminina;21.02;40;À Vista - Cartão;09/06/2022;0.15;9/30/2022;2
4034;Short;Seção Feminina;21.00;46;À prazo - Cartão;09/06/2022;0.15;9/22/2022;3
4035;Sapato;Seção Feminina;12.16;41;À Vista - Cartão;09/10/2022;0.1;10/05/2022;3
4036;Sapato;Seção Feminina;21.03;3;À Vista - Cartão;09/10/2022;0.15;9/28/2022;3
4037;Sapato;Seção Feminina;21.8;33;À Vista - Cartão;09/10/2022;0.1;10/10/2022;2
4038;Calça;Seção Masculina;38.93;17;À vista - Cartão;09/12/2022;0.15;9/22/2022;3
4039;Sapato;Seção Feminina;21.20;46;À prazo - Cartão;09/12/2022;0.1;10/01/2022;3
4040;Vestido;Seção Feminina;21.20;8;À vista - Cartão;9/13/2022;0.1;9/16/2022;3
4041;Short;Seção Feminina;35.21;31;À Vista - Cartão;9/13/2022;0.1;10/03/2022;3
4042;Tênis;Seção Feminina;21.78;28;À Vista - Cartão;9/13/2022;0.1;9/18/2022;2
4043;Short;Seção Feminina;21.03;40;À vista - Dinheiro;9/15/2022;0.1;9/15/2022;2
4044;Short;Seção Masculina;12.13;26;À vista - Cartão;9/15/2022;0.1;9/24/2022;2
4045;Short;Seção Feminina;26.58;39;À Vista - Cartão;9/15/2022;0.15;9/23/2022;3
4046;Sapato;Seção Masculina;38.94;8;À prazo - Cartão;9/17/2022;0.1;9/25/2022;2
4047;Sapato;Seção Masculina;26.58;6;À prazo - Cartão;9/17/2022;0.1;10/09/2022;2
4048;Short;Seção Feminina;26.59;15;À vista - Cartão;9/19/2022;0.1;10/04/2022;3
4049;Vestido;Seção Feminina;21.6;14;À prazo - Cartão;9/19/2022;0.1;10/16/2022;3
4050;Vestido;Seção Masculina;21.00;47;À vista - Dinheiro;9/20/2022;0.1;9/20/2022;3
4051;Sapato;Seção Feminina;35.21;18;À prazo - Cartão;9/20/2022;0.1;9/22/2022;2
4052;Sapato;Seção Masculina;44.21;41;À vista - Dinheiro;9/21/2022;0.15;9/21/2022;2
4053;Vestido;Seção Feminina;44.21;18;À vista - Cartão;9/22/2022;0.05;9/30/2022;2
4054;Vestido;Seção Feminina;26.58;13;À Vista - Cartão;9/23/2022;0.1;9/30/2022;3
4055;Vestido;Seção Feminina;21.03;9;À vista - Dinheiro;9/24/2022;0.1;9/24/2022;2
4056;Vestido;Seção Feminina;26.57;43;À prazo - Cartão;9/24/2022;0.15;10/06/2022;3
4057;Short;Seção Feminina;26.55;15;À vista - Cartão;9/25/2022;0.15;10/07/2022;2
4058;Vestido;Seção Feminina;26.370;50;À prazo - Cartão;9/25/2022;0.1;10/16/2022;3
4059;Short;Seção Feminina;26.370;15;À prazo - Cartão;9/26/2022;0.1;10/25/2022;3
4060;Sapato;Seção Feminina;26.190;21;À prazo - Cartão;9/27/2022;0.15;10/27/2022;2
4061;Short;Seção Feminina;35.18;3;À prazo - Cartão;9/27/2022;0.1;10/14/2022;3
4062;Sapato;Seção Feminina;26.280;24;À vista - Cartão;9/27/2022;0.1;10/08/2022;3
4063;Vestido;Seção Feminina;35.19;27;À Vista - Cartão;9/28/2022;0.05;10/10/2022;2
4064;Calça;Seção Masculina;26.235;19;À prazo - Cartão;9/28/2022;0.1;10/03/2022;3
4065;Sapato;Seção Feminina;21.00;12;À prazo - Cartão;9/28/2022;0.15;10/19/2022;2
4066;Tênis;Seção Feminina;26.10;33;À Vista - Cartão;9/30/2022;0.1;10/20/2022;2
4067;Short;Seção Feminina;21.02;13;À vista - Dinheiro;9/30/2022;0.1;9/30/2022;3
4068;Sapato;Seção Feminina;26.190;4;À Vista - Cartão;9/30/2022;0.1;10/18/2022;2
4069;Tênis;Seção Feminina;35.20;17;À prazo - Cartão;10/01/2022;0.15;10/21/2022;3
4070;Vestido;Seção Feminina;21.03;24;À prazo - Cartão;10/01/2022;0.15;10/23/2022;3
4071;Vestido;Seção Feminina;21.8;35;À prazo - Cartão;10/01/2022;0.1;10/26/2022;3
4072;Sapato;Seção Masculina;26.145;30;À Vista - Cartão;10/02/2022;0.1;10/16/2022;2
4073;Tênis;Seção Masculina;26.10;13;À Vista - Cartão;10/02/2022;0.1;10/18/2022;2
4074;Sapato;Seção Feminina;26.325;37;À prazo - Cartão;10/02/2022;0.1;10/17/2022;2
4075;Sapato;Seção Feminina;35.22;2;À vista - Dinheiro;10/04/2022;0.1;10/04/2022;2
4076;Sapato;Seção Masculina;21.22;12;À Vista - Cartão;10/05/2022;0.1;10/14/2022;3
4077;Tênis;Seção Masculina;21.04;5;À vista - Cartão;10/05/2022;0.1;10/30/2022;3
4078;Vestido;Seção Feminina;21.64;23;À prazo - Cartão;10/05/2022;0.1;10/07/2022;3
4079;Sapato;Seção Feminina;21.22;45;À vista - Dinheiro;10/06/2022;0.1;10/06/2022;3
4080;Tênis;Seção Feminina;21.8;15;À Vista - Cartão;10/07/2022;0.1;11/03/2022;2
4081;Short;Seção Feminina;26.100;43;À vista - Dinheiro;10/07/2022;0.1;10/07/2022;2
4082;Tênis;Seção Feminina;35.21;15;À prazo - Cartão;10/07/2022;0.1;10/25/2022;3
4083;Tênis;Seção Feminina;12.16;20;À vista - Cartão;10/10/2022;0.1;11/06/2022;3
4084;Short;Seção Masculina;38.97;19;À prazo - Cartão;10/10/2022;0.1;10/11/2022;3
4085;Tênis;Seção Feminina;26.235;28;À prazo - Cartão;10/11/2022;0.1;10/28/2022;3
4086;Sapato;Seção Feminina;44.25;11;À vista - Cartão;10/13/2022;0.15;10/23/2022;3
4087;Vestido;Seção Feminina;21.50;29;À Vista - Cartão;10/13/2022;0.15;10/23/2022;2
4088;Vestido;Seção Feminina;21.8;18;À prazo - Cartão;10/14/2022;0.1;10/24/2022;3
4089;Casaco;Seção Feminina;44.24;5;À vista - Cartão;10/14/2022;0.15;10/15/2022;3
4090;Tênis;Seção Feminina;12.16;43;À Vista - Cartão;10/14/2022;0.15;10/20/2022;3
4091;Calça;Seção Feminina;38.96;43;À prazo - Cartão;10/14/2022;0.15;10/15/2022;2
4092;Sapato;Seção Feminina;21.04;35;À vista - Cartão;10/15/2022;0.15;11/11/2022;3
4093;Short;Seção Masculina;21.22;36;À Vista - Cartão;10/15/2022;0.1;11/14/2022;3
4094;Short;Seção Feminina;26.55;38;À prazo - Cartão;10/15/2022;0.15;10/29/2022;2
4095;Short;Seção Feminina;26.145;28;À prazo - Cartão;10/17/2022;0.1;11/06/2022;3
4096;Tênis;Seção Feminina;26.59;25;À Vista - Cartão;10/17/2022;0.1;10/23/2022;2
4097;Tênis;Seção Masculina;21.01;25;À vista - Dinheiro;10/18/2022;0.1;10/18/2022;3
4098;Short;Seção Masculina;38.93;12;À prazo - Cartão;10/18/2022;0.15;11/14/2022;2
4099;Tênis;Seção Feminina;26.10;32;À Vista - Cartão;10/20/2022;0.1;10/25/2022;3
4100;Sapato;Seção Feminina;26.190;48;À vista - Dinheiro;10/21/2022;0.1;10/21/2022;3
4101;Sapato;Seção Feminina;38.95;18;À vista - Dinheiro;10/21/2022;0.1;10/21/2022;3
4102;Vestido;Seção Feminina;26.57;26;À prazo - Cartão;10/22/2022;0.15;10/24/2022;3
4103;Vestido;Seção Feminina;21.50;19;À prazo - Cartão;10/22/2022;0.1;11/16/2022;2
4104;Tênis;Seção Feminina;26.55;31;À vista - Dinheiro;10/22/2022;0.1;10/22/2022;3
4105;Sapato;Seção Feminina;44.25;14;À Vista - Cartão;10/23/2022;0.1;11/10/2022;3
4106;Short;Seção Feminina;38.94;13;À prazo - Cartão;10/27/2022;0.15;11/21/2022;2
4107;Short;Seção Feminina;26.55;47;À Vista - Cartão;10/28/2022;0.15;10/29/2022;3
4108;Tênis;Seção Masculina;21.34;8;À prazo - Cartão;10/29/2022;0.15;11/22/2022;3
4109;Tênis;Seção Feminina;21.92;33;À Vista - Cartão;10/30/2022;0.15;11/18/2022;3
4110;Vestido;Seção Feminina;26.57;10;À Vista - Cartão;10/30/2022;0.1;11/21/2022;2
